Colorado county (exposure location),Setting name,Investigation status,Date Outbreak Resolved,Setting type,"If setting type is other, specify",Industry,Median Salary,Date illnesses were determined to be an outbreak,Number of residents positive for COVID-19 (lab confirmed),Number of residents with probable COVID-19 (NOT lab confirmed),Number of COVID-19 deaths (lab confirmed/confirmed),Number of COVID-19 deaths (NOT lab confirmed/probable),Number of staff who are positive for COVID-19 (lab confirmed),Number of staff with probable COVID-19 (NOT lab confirmed),Number of COVID-19 staff deaths (lab confirmed/confirmed),Number of attendees who are positive for COVID-19 (lab confirmed),Number of attendees with probable COVID-19 (NOT lab confirmed),Number of COVID-19 attendee deaths (lab confirmed/confirmed)
Adams,42,42,26,42,23,42,42,42,15,7,9,2,40,21,2,0,0,0
Alamosa,5,5,0,5,2,5,5,5,2,1,1,0,5,5,0,0,0,0
Arapahoe,62,62,44,62,15,62,62,62,44,29,29,13,58,36,7,1,1,0
Boulder,17,17,9,17,4,17,17,17,9,8,7,5,17,9,0,0,0,0
Broomfield,2,2,0,2,0,2,2,2,2,2,2,1,2,1,0,0,0,0
Chaffee,1,1,1,1,0,1,1,1,1,1,1,1,1,1,0,0,0,0
Cheyenne,1,1,1,1,1,1,1,1,0,0,0,0,1,0,0,0,0,0
Colorado,4,4,1,4,0,4,4,4,4,0,1,0,3,1,0,0,0,0
Costilla,1,1,0,1,1,1,1,1,0,0,0,0,1,0,0,0,0,0
Denver,73,73,37,73,32,73,73,73,46,38,36,19,72,41,4,1,0,0
Douglas,14,14,10,14,3,14,14,14,9,7,5,3,13,7,0,0,0,0
Eagle,3,3,1,3,0,3,3,3,1,0,1,0,3,1,0,0,0,0
El Paso,34,34,13,34,15,34,34,34,11,7,5,1,30,20,1,1,1,1
Fremont,1,1,1,1,0,1,1,1,1,1,0,0,0,1,0,0,0,0
Garfield,4,4,1,4,3,4,4,4,0,0,0,0,4,1,0,0,0,0
Grand,1,1,0,1,1,1,1,1,0,0,0,0,1,0,0,0,0,0
Gunnison,2,2,2,2,1,2,2,2,1,1,1,1,2,2,0,0,0,0
Jefferson,33,33,22,33,4,33,33,33,26,18,23,8,32,18,3,0,0,0
Kit Carson,1,1,1,1,0,1,1,1,1,1,1,1,1,1,0,0,0,0
La Plata,2,2,1,2,2,2,2,2,0,0,0,0,2,1,0,0,0,0
Larimer,15,15,8,15,4,15,15,15,4,4,4,1,15,11,0,1,0,0
Logan,1,1,0,1,0,1,1,1,1,0,0,0,1,1,0,0,0,0
Mineral,3,3,0,3,0,3,3,3,0,0,0,0,2,1,0,1,0,0
Montrose,5,5,4,5,2,5,5,5,2,2,2,0,5,2,0,0,0,0
Morgan,6,6,5,6,3,6,6,6,3,2,3,2,6,2,2,1,0,0
Otero,1,1,0,1,0,1,1,1,0,0,0,0,1,0,0,1,0,0
Pitkin,2,2,0,2,0,2,2,2,0,0,0,0,2,1,0,0,0,0
Prowers,1,1,0,1,0,1,1,1,0,0,0,0,1,1,0,0,0,0
Pueblo,6,6,4,6,1,6,6,6,3,2,3,1,6,5,0,0,0,0
Rio Grande,3,3,0,3,2,3,3,3,0,0,0,0,3,0,0,0,0,0
Routt,1,1,1,1,0,1,1,1,1,1,1,1,1,1,0,0,0,0
Saguache,1,1,0,1,0,1,1,1,0,0,0,0,1,1,0,0,0,0
San Miguel,4,4,1,4,2,4,4,4,0,0,0,0,3,1,0,1,0,0
Summit,5,5,4,5,3,5,5,5,1,1,0,0,4,1,0,0,0,0
Washington,1,1,0,1,0,1,1,1,1,0,0,0,1,0,0,0,0,0
Weld,24,24,12,24,6,24,24,24,12,8,7,2,24,14,3,1,1,0
Yuma,2,2,1,2,2,2,2,2,0,0,0,0,2,0,0,0,0,0
