Setting name,Investigation status,Date Outbreak Resolved,Setting type,"If setting type is other, specify",Colorado county (exposure location),Date illnesses were determined to be an outbreak,Number of residents positive for COVID-19 (lab confirmed),Number of residents with probable COVID-19 (NOT lab confirmed),Number of COVID-19 deaths (lab confirmed/confirmed),Number of COVID-19 deaths (NOT lab confirmed/probable),Number of staff who are positive for COVID-19 (lab confirmed),Number of staff with probable COVID-19 (NOT lab confirmed),Number of COVID-19 staff deaths (lab confirmed/confirmed),Number of COVID-19 staff deaths (NOT lab confirmed/probable),Number of attendees who are positive for COVID-19 (lab confirmed),Number of attendees with probable COVID-19 (NOT lab confirmed),Number of COVID-19 attendee deaths (lab confirmed/confirmed),Number of COVID-19 attendee deaths (NOT lab confirmed/probable),,,,,,,
1111 Camino Del Rio Hotel Construction Site,Resolved,6/29/20,Other,Construction Site,La Plata,6/1/20,,,,,5,,,,,,,,,,,,,,
48 Forty Solutions,Active,,Other,Wood Pallet Manufacturer,Adams,5/21/20,,,,,6,,,,,,,,,,,,,,
"701 E 5th St. Rifle, CO Construction Site",Active,,Other,Construction Site,Garfield,6/22/20,,,,,6,,,,,,,,,,,,,,
995 Regent Drive,Resolved,5/22/20,Other,Construction site,Boulder,4/24/20,,,,,4,,,,,,,,,,,,,,
ABC Child Development Center,Active,,Child care center,,Weld,6/29/20,,,,,1,,,,1,,,,,,,,,,
ABM - Facility Services,Resolved,6/23/20,Other,Maintenance Services,Arapahoe,5/29/20,,,,,11,,,,,,,,,,,,,,
Abundant Blessings & Care Assisted Living-Lincoln (23T700),Resolved,4/30/20,"Healthcare, assisted living residence",,Arapahoe,4/3/20,2,,1,,2,,,,,,,,,,,,,,
Abundant Blessings and Care Asst Lvg - Geddes Ave (23O624),Resolved,5/14/20,"Healthcare, assisted living residence",,Arapahoe,4/30/20,3,2,1,1,2,,,,,,,,,,,,,,
Accel at Golden Ridge (02V720),Resolved,6/16/20,"Healthcare, skilled nursing facility",,Jefferson,4/17/20,11,13,6,,1,4,,,,,,,,,,,,,
Adams Transitional Center,Resolved,6/12/20,Prison/jail,Correctional facility,Adams,4/28/20,6,1,,,4,,,,,,,,,,,,,,
Administrative Office-Pueblo Police Department,Active,,Office/indoor workspace,,Pueblo,6/29/20,,,,,3,4,,,,,,,,,,,,,
Adolescent Gathering in Telluride ,Active,,Other,Gathering,San Miguel,6/22/20,,,,,,,,,2,,,,,,,,,,
Advance Auto Parts,Active,,Other,Retail,El Paso,6/12/20,,,,,2,,,,,,,,,,,,,,
Advanced Health Care of Aurora (02D982),Resolved,6/3/20,"Healthcare, skilled nursing facility",,Arapahoe,4/28/20,4,5,,,6,2,,,,,,,,,,,,,
Advantage Treatment Center,Active,,Prison/jail,Community Corrections,Alamosa,6/17/20,17,7,,,10,5,,,,,,,,,,,,,
Aguirre Law Group,Resolved,6/22/20,Office/indoor workspace,,Adams,6/3/20,,,,,5,,,,,,,,,,,,,,
Allison Care Center (020406),Active,,"Healthcare, skilled nursing facility",,Jefferson,4/17/20,36,9,8,3,10,3,,,,,,,,,,,,,
Alpha Insulation and Waterproofing,Resolved,6/22/20,Other,Industry,Denver,5/1/20,,,,,15,,,,,,,,,,,,,,
Alpine Waste and Recycling (GFL Environmental),Resolved,7/7/20,Other,Waste management,Adams,6/5/20,,,,,4,,,,,,,,,,,,,,
Amazon Den 5,Active,,Other,Distribution,Adams,5/27/20,,,,,6,,,,,,,,,,,,,,
Amberwood Court Rehabilitation and Care Community (020460),Resolved,5/23/20,"Healthcare, skilled nursing facility",,Denver,3/28/20,17,9,9,6,9,7,,,,,,,,,,,,,
Anheuser Busch,Resolved,7/7/20,Other,Manufacturing,Larimer,5/18/20,,,,,4,7,,,,,,,,,,,,,
Anheuser-Busch,Resolved,6/3/20,Other,Distribution Center,Adams,5/7/20,,,,,5,12,,,,,,,,,,,,,
Apple Tree Assisted Living (2305I0),Active,6/25/20,"Healthcare, assisted living residence",,El Paso,4/17/20,2,,,,1,2,,,,,,,,,,,,,
Applewood Living Center (20375),Resolved,7/2/20,"Healthcare, skilled nursing facility",,Boulder,5/25/20,4,1,,,1,,,,,,,,,,,,,,
Arapahoe Community Treatment Center,Resolved,6/5/20,Prison/jail,,Arapahoe,4/21/20,5,4,,,1,1,,,,,,,,,,,,,
Arbors of San Marino (2304MO),Resolved,5/19/20,"Healthcare, combined care",,Adams,4/30/20,5,,4,,1,,,,,,,,,,,,,,
Arby's,Resolved,6/9/20,Restaurant  fast food,,Arapahoe,5/15/20,,,,,2,,,,,,,,,,,,,,
Arc Thrift Store,Resolved,6/10/20,Other,Retail,Arapahoe,5/19/20,,,,,2,,,,,,,,,,,,,,
"Argyle, The (230464)",Resolved,5/28/20,"Healthcare, assisted living residence",,Denver,4/15/20,2,,,,1,8,,,,,,,,,,,,,
Arps LLC/Creede Hotel & Restaurant,Active,,Hotel/lodge/resort,,Mineral,7/6/20,,,,,2,,,,,,,,,,,,,,
Ash House (05K174),Resolved,6/8/20,Healthcare other,Residential Care Facility,Arapahoe,4/28/20,3,,,,,,,,,,,,,,,,,,
Aspen Living Center (020586),Resolved,5/27/20,"Healthcare, skilled nursing facility",,El Paso,4/5/20,2,2,,,,4,,,,,,,,,,,,,
Aspen Trail Construction Site,Active,,Other,Construction site,El Paso,5/28/20,,,,,2,5,,,,,,,,,,,,,
Aspire Behavioral Health,Resolved,6/12/20,"Healthcare, outpatient",,El Paso,5/18/20,,,,,3,,,,,,,,,,,,,,
Assured Assisted Living 9 (23V725),Resolved,5/19/20,"Healthcare, assisted living residence",,Arapahoe,5/5/20,3,,,,4,,,,,,,,,,,,,,
Aurora Evergreen Assisted Living LLC (23U630),Resolved,6/4/20,"Healthcare, assisted living residence",,Arapahoe,4/28/20,3,,,,,,,,,,,,,,,,,,
Aurora ICE Processing Center,Active,,Prison/jail,,Adams,5/30/20,15,,,,3,1,,,,,,,,,,,,,
Aurora Makarios Assisted Living (23W788),Resolved,5/4/20,"Healthcare, assisted living residence",,Arapahoe,4/3/20,6,,1,,,1,,,,,,,,,,,,,
Aurora Organic Dairy - Platteville,Resolved,5/12/20,Farm/dairy,Dairy Plant,Weld,4/1/20,,,,,7,,1,,,,,,,,,,,,
Autumn Heights Health Care Center (020405),Active,,"Healthcare, skilled nursing facility",,Denver,5/20/20,26,4,5,,14,,,,,,,,,,,,,,
Avamere Transitional Care and Rehab-Malley (020432),Active,,"Healthcare, skilled nursing facility",,Adams,5/5/20,15,5,2,,20,3,,,,,,,,,,,,,
Avamere Transitional Care and Rehabilitation (020399),Resolved,5/7/20,"Healthcare, skilled nursing facility",,Adams,4/3/20,2,,,,,,,,,,,,,,,,,,
Aviva at Fitzsimons (02S294),Resolved,6/30/20,"Healthcare, skilled nursing facility",,Adams,5/4/20,4,,,,6,1,,,,,,,,,,,,,
Balfour Retirement Community (02033Y),Resolved,6/22/20,"Healthcare, combined care",,Boulder,4/9/20,5,7,3,2,7,11,,,,,,,,,,,,,
Bank of the West,Resolved,7/1/20,Office/indoor workspace,,Adams,6/5/20,,,,,2,1,,,,,,,,,,,,,
Bella's Beauty Salon,Active,,Other,Beauty Salon,El Paso,6/25/20,,,,,2,,,,,,,,,,,,,,
Belleview Heights Alzheimer's Special Care Center (23R712),Resolved,6/11/20,"Healthcare, assisted living residence",,Arapahoe,4/14/20,24,1,9,1,12,,,,,,,,,,,,,,
Belleview Suites at DTC Assisted Living & Memory C (2304VK),Active,,"Healthcare, assisted living residence",,Denver,5/22/20,6,,1,,11,,,,,,,,,,,,,,
"Bennett, Adams Pioneer Solar Farm",Active,,Other,Construction Site,Adams,6/25/20,,,,,5,2,,,,,,,,,,,,,
Berkley Manor Care Center (020419),Active,,"Healthcare, skilled nursing facility",,Denver,4/2/20,27,6,6,2,15,2,,,,,,,,,,,,,
Bespoke Uptown Project,Active,,Other,Construction Site,Denver,5/20/20,,,,,10,,,,,,,,,,,,,,
Bethesda - Delaware ICF,Resolved,6/9/20,Independent Living Facility,,Arapahoe,5/20/20,3,1,,,7,1,,,,,,,,,,,,,
Bethesda Lutheran Communities Logan Home,Resolved,5/5/20,Group home,,Arapahoe,4/3/20,2,,,,1,,,,,,,,,,,,,,
Blanca Potato Factory,Active,,Other,Potato Warehouse,Costilla,6/15/20,,,,,3,,,,,,,,,,,,,,
Bonaventure Of Castle Rock (23U333),Resolved,5/20/20,"Healthcare, assisted living residence",,Douglas,4/14/20,9,3,1,,5,,,,,,,,,,,,,,
Bottling Group,Resolved,6/3/20,Other,Beverage Bottling Plant,Denver,5/14/20,,,,,7,15,1,,,,,,,,,,,,
Boulder Country Club,Active,,Restaurant sit down,,Boulder,6/28/20,,,,,5,,,,,,,,,,,,,,
Boulder Manor (020339),Resolved,7/2/20,"Healthcare, skilled nursing facility",,Boulder,4/1/20,21,18,7,,17,17,,,,,,,,,,,,,
Briarwood Health Care Center (020470),Resolved,,"Healthcare, skilled nursing facility",,Denver,4/21/20,14,6,4,3,13,13,,,,,,,,,,,,,
Bridge Assisted Lvg at Life Care Ctr-Longmont (2303KO),Resolved,5/12/20,"Healthcare, assisted living residence",,Boulder,4/3/20,15,7,8,1,7,6,,,,,,,,,,,,,
Bridge Tournament,Resolved,4/14/20,Other,Bridge Tournament ,El Paso,3/14/20,,,,,,,,,10,14,4,,,,,,,,
Brookdale - Tamarac Square,Resolved,5/14/20,Independent Living Facility,,Denver,4/3/20,4,,2,,1,,,,,,,,,,,,,,
Brookdale El Camino (2306MT),Resolved,5/27/20,"Healthcare, assisted living residence",,Pueblo,4/9/20,15,,5,,9,7,,,,,,,,,,,,,
Brookdale Greenwood Village (0204W6),Active,,"Healthcare, combined care",,Arapahoe,4/14/20,6,11,2,3,14,6,,,,,,,,,,,,,
Brookdale Lowry (2304K7),Resolved,6/8/20,"Healthcare, assisted living residence",,Denver,4/8/20,10,3,4,,5,18,,,,,,,,,,,,,
Brookdale Meridian Englewood (020409),Active,,"Healthcare, assisted living residence",,Arapahoe,4/5/20,17,1,10,,17,1,,,,,,,,,,,,,
Brookdale Parkplace (2304A2),Resolved,6/2/20,"Healthcare, assisted living residence",,Denver,4/17/20,6,1,4,1,8,3,,,,,,,,,,,,,
Brookdale Pinehurst Park (2304CA),Resolved,6/9/20,"Healthcare, assisted living residence",,Denver,5/8/20,24,1,5,,10,2,,,,,,,,,,,,,
Brookdale University Park (230490),Resolved,6/21/20,"Healthcare, assisted living residence",,Denver,4/8/20,5,4,3,1,2,9,,,,,,,,,,,,,
Brookshire House Rehabilitation and Care Community (020403),Active,,"Healthcare, skilled nursing facility",,Denver,4/15/20,7,7,2,6,20,9,,,,,,,,,,,,,
Brookside Assisted Living (230514),Active,,"Healthcare, assisted living residence",,El Paso,6/29/20,9,,,,4,2,,,,,,,,,,,,,
Broomfield Skilled Nursing and Rehabilitation Ctr (02R989),Active,,"Healthcare, skilled nursing facility",,Broomfield,4/24/20,48,2,15,,25,7,,,,,,,,,,,,,
Brown Dog Pizza,Resolved,5/21/20,Restaurant sit down,,San Miguel,4/21/20,,,,,4,,,,,,,,,,,,,,
Brush Meat Processors,Resolved,6/26/20,Other,Meat Processing,Morgan,5/29/20,,,,,5,,,,,,,,,,,,,,
Burris Optics,Active,,Other,Manufacturing/Retail,Weld,6/25/20,,,,,3,,,,,,,,,,,,,,
Cam Solar,Resolved,6/25/20,Other,Electrical Contractor,Denver,6/17/20,,,,,3,,,,,,,,,,,,,,
Cambridge Care Center (020441),Active,,"Healthcare, skilled nursing facility",,Jefferson,4/11/20,9,2,2,2,8,2,,,,,,,,,,,,,
Canon Lodge Care Center (020676),Resolved,5/20/20,"Healthcare, combined care",,Fremont,4/7/20,2,2,,,,3,,,,,,,,,,,,,
Canterbury Apartments (Continuum of Colorado),Resolved,5/19/20,Other,Personal Care Alternative (PCA) staffed apartment,Arapahoe,4/16/20,2,,,,1,,,,,,,,,,,,,,
Cargill Meat Solutions,Active,,Other,Meat Packing Plant,Morgan,4/3/20,,,,,102,6,4,,,,,,,,,,,,
"Carillon at Belleview Station, The (23N139)",Resolved,,"Healthcare, combined care",,Denver,4/10/20,17,,9,,13,4,,,,,,,,,,,,,
Carniceria Leonela,Active,,Grocery store,,El Paso,5/28/20,,,,,6,3,,,,,,,,,,,,,
Carniceria Sonora,Resolved,6/4/20,Grocery store,,Montrose,5/7/20,,,,,7,,,,,,,,,,,,,,
Casey's Pond Senior Living LTC (020803),Resolved,6/11/20,"Healthcare, assisted living residence",,Routt,3/29/20,11,2,5,1,12,2,,,,,,,,,,,,,
Castle Academy,Resolved,6/12/20,Child care center,,Douglas,5/13/20,,,,,2,,,,,,,,,,,,,,
Castle Peak Senior Life and Rehabilitation (02X369),Resolved,6/8/20,"Healthcare, combined care",,Eagle,5/8/20,4,,1,,3,,,,,,,,,,,,,,
Castle Rock Care Center (020591),Resolved,6/25/20,"Healthcare, skilled nursing facility",,Douglas,4/22/20,7,3,2,,7,1,,,,,,,,,,,,,
Centennial Health Care Center (020317): June 2020,Active,,"Healthcare, skilled nursing facility",,Weld,7/2/20,8,,,,6,1,,,,,,,,,,,,,
Centennial Health Care Center (020317): March 2020,Resolved,6/1/20,"Healthcare, skilled nursing facility",,Weld,3/27/20,41,5,20,2,25,17,,,,,,,,,,,,,
"Center At Centerplace LLC, The (02Z779)",Resolved,6/1/20,"Healthcare, skilled nursing facility",,Weld,4/5/20,11,,4,,9,14,,,,,,,,,,,,,
"Center at Lowry, LLC (02G500)",Resolved,6/16/20,"Healthcare, skilled nursing facility",,Denver,4/6/20,6,4,1,,8,7,,,,,,,,,,,,,
Center at Rock Creek LLC (02S685),Resolved,6/2/20,"Healthcare, skilled nursing facility",,Larimer,4/30/20,13,1,1,,5,4,,,,,,,,,,,,,
Chateau Des Mons Care and Assisted Living (230411),Active,,"Healthcare, assisted living residence",,Arapahoe,6/10/20,5,2,,,6,,,,,,,,,,,,,,
Cherrelyn Healthcare Center (020428),Resolved,6/18/20,"Healthcare, skilled nursing facility",,Arapahoe,4/6/20,26,13,3,6,18,3,,,,,,,,,,,,,
Cherry Creek Nursing Center (020408),Active,,"Healthcare, skilled nursing facility",,Arapahoe,4/3/20,74,20,27,6,47,18,1,,,,,,,,,,,,
Cheyenne Mountain Center (020573),Resolved,6/22/20,"Healthcare, skilled nursing facility",,El Paso,5/21/20,2,,,,,,,,,,,,,,,,,,
Chick-Fil-A,Active,,Restaurant  fast food,,Arapahoe,6/2/20,,,,,5,4,,,,,,,,,,,,,
Chick-Fil-A,Resolved,6/23/20,Restaurant  fast food,,Larimer,5/15/20,,,,,9,5,,,,,,,,,,,,,
Chick-fil-A,Resolved,6/29/20,Restaurant  fast food,,Adams,5/12/20,,,,,2,3,,,,,,,,,,,,,
Chick-fil-A #1110,Active,,Restaurant  fast food,,Jefferson,6/17/20,,,,,2,1,,,,,,,,,,,,,
Circle Graphics,Active,,Office/indoor workspace,,Boulder,5/11/20,,,,,10,,,,,,,,,,,,,,
City Market,Resolved,6/9/20,Grocery store,,Summit,4/28/20,,,,,14,5,,,,,,,,,,,,,
City Market Store #433 - El Jebel,Active,,Grocery store,,Eagle,6/8/20,,,,,6,6,,,,,,,,,,,,,
City Market Store #434 - Eagle,Active,,Grocery store,,Eagle,6/8/20,,,,,4,,,,,,,,,,,,,,
Clear Creek Care Center (020401),Resolved,6/5/20,"Healthcare, skilled nursing facility",,Adams,4/8/20,22,1,9,,16,9,,,,,,,,,,,,,
Clermont Park Assisted Living (230463),Resolved,5/27/20,"Healthcare, skilled nursing facility",,Denver,4/17/20,10,3,2,,5,5,,,,,,,,,,,,,
Closet Factory,Resolved,7/1/20,Other,Factory/Warehouse,Douglas,6/16/20,,,,,6,,,,,,,,,,,,,,
Co Premium,Resolved,6/4/20,Other,Meat Packing Plant,Denver,4/24/20,,,,,9,6,,,,,,,,,,,,,
Coliseum Women's Auxiliary Shelter,Active,,Other,Congregate shelter,Denver,5/19/20,3,3,,,1,,,,,,,,,,,,,,
Colorado Counter Tops,Resolved,6/30/20,Other,Manufacturing ,Arapahoe,6/13/20,,,,,3,2,1,,,,,,,,,,,,
Colorado Mushroom Farm,Active,,Farm/dairy,,Alamosa,5/6/20,,,,,16,2,,,,,,,,,,,,,
Colorado OBGYN Partners dba The Women's Health Group,Active,,Healthcare other,OBGYN Clinic,Adams,7/7/20,,,,,6,,,,,,,,,,,,,,
Colorado Pac Co,Active,,Other,Produce Wholesale Warehouse,Denver,7/7/20,,,,,6,,,,,,,,,,,,,,
"Colorado Springs Senior Homes, Inc (230518)",Resolved,5/13/20,"Healthcare, assisted living residence",,El Paso,4/16/20,2,,1,,1,1,,,,,,,,,,,,,
Colorado State Veterans Home at Fitzsimons (02R932),Active,,"Healthcare, skilled nursing facility",,Adams,4/29/20,61,7,24,1,20,10,,,,,,,,,,,,,
Colorow Health Care LLC (021154),Active,,"Healthcare, skilled nursing facility",,Montrose,4/6/20,10,3,3,,10,23,,,,,,,,,,,,,
Columbine Chateau Assisted Living (23D501),Resolved,6/26/20,"Healthcare, assisted living residence",,Pueblo,5/16/20,16,2,3,1,5,1,,,,,,,,,,,,,
Columbine Commons Health and Rehab LLC (02L578),Resolved,5/20/20,"Healthcare, skilled nursing facility",,Weld,4/13/20,5,3,,,4,7,,,,,,,,,,,,,
Columbine Manor Care Center (020698),Resolved,5/29/20,"Healthcare, skilled nursing facility",,Chaffee,4/11/20,37,7,12,2,10,5,,,,,,,,,,,,,
Commerce Transitional Center,Resolved,6/12/20,Prison/jail,,Adams,5/11/20,3,,,,1,,,,,,,,,,,,,,
Core-Mark International Inc.,Resolved,7/7/20,Other,Distribution/Marketing Service,Adams,6/13/20,,,,,11,,,,,,,,,,,,,,
"Cornerstone Production Company, Inc",Resolved,6/29/20,Other,Agriculture,Yuma,6/11/20,,,,,3,,,,,,,,,,,,,,
Costco Wholesale ,Resolved,6/16/20,Grocery store,,Arapahoe,5/7/20,,,,,7,4,,,,,,,,,,,,,
Courtyards at Mountain View,Resolved,6/2/20,Independent Living Facility,,Denver,3/30/20,7,,1,,4,,,,,,,,,,,,,,
Crossroads Treatment Centers of Denver,Active,,"Healthcare, outpatient",Opioid Treatment Facility,Denver,5/19/20,,,,,2,,,,,,,,,,,,,,
Crowley County Correctional Facility,Active,,Prison/jail,,Colorado,5/2/20,66,,,,4,,,,,,,,,,,,,,
Culinaire Foods,Resolved,5/27/20,Other,Frozen food manufacturing,Denver,5/6/20,,,,,14,,,,,,,,,,,,,,
Culver's,Resolved,,Restaurant  fast food,,Weld,5/21/20,,,,,4,,,,,,,,,,,,,,
Custom Made Meals,Resolved,6/29/20,Other,Food Manufacturer,Adams,4/27/20,,,,,24,3,,,,,,,,,,,,,
Dayspring Villa (2304IX),Resolved,5/14/20,"Healthcare, assisted living residence",,Denver,4/10/20,3,7,,,1,2,,,,,,,,,,,,,
Del Monte,Resolved,6/26/20,Other,Food Manufacturing,Adams,5/7/20,,,,,33,13,,,,,,,,,,,,,
Denver County Jail,Active,,Prison/jail,,Denver,5/12/20,28,43,,,3,,,,,,,,,,,,,,
Denver Mattress Co,Active,,Other,Store,Denver,6/26/20,,,,,6,1,,,,,,,,,,,,,
Denver North Care Center (020444),Resolved,7/4/20,"Healthcare, skilled nursing facility",,Denver,4/4/20,31,3,9,2,17,7,,,,,,,,,,,,,
Denver Reception and Diagnostic Center,Resolved,6/10/20,Prison/jail,,Colorado,5/14/20,2,,,,1,,,,,,,,,,,,,,
Denver Rescue Mission - National Western Complex,Active,,Other,Shelter,Denver,5/1/20,,,,,19,15,,,,,,,,,,,,,
Diaz Tile,Resolved,6/24/20,Other,Tile Company; Industry,Montrose,6/1/20,,,,,6,,,,,,,,,,,,,,
Douglas County Jail,Resolved,6/10/20,Prison/jail,,Douglas,4/28/20,10,2,,,,,,,,,,,,,,,,,
Douglas County Parks and Trails Division,Active,,Office/indoor workspace,,Douglas,7/7/20,,,,,4,,,,,,,,,,,,,,
Downstairs at Eric's,Resolved,6/23/20,Restaurant sit down,,Summit,5/25/20,,,,,5,,,,,,,,,,,,,,
DPI Speciality Foods,Active,,Other,Food distributor,Adams,5/7/20,,,,,8,7,2,,,,,,,,,,,,
Eagle Lake Overnight Camp,Active,,Camp,,El Paso,6/18/20,,,,,12,12,,,,,,,,,,,,,
"Earth Tech West II, Ltd",Active,,Office/indoor workspace,,San Miguel,6/24/20,,,,,9,7,,,,,,,,,,,,,
Eastern Colorado Services for Developmentally Disabled (ECS),Active,,Group home,,Logan,5/21/20,3,,,,5,1,,,,,,,,,,,,,
Eben Ezer Lutheran Care Center (020170),Resolved,6/5/20,"Healthcare, combined care",,Morgan,4/8/20,57,4,18,4,36,1,,,1,,,,,,,,,,
Ellin Mrachek House (05B951),Resolved,5/7/20,Healthcare other,Adult group home,Adams,4/22/20,2,,1,,,,,,,,,,,,,,,,
EMF (Electronics Metal Finishing) Corporation,Resolved,6/21/20,Other,Manufacturing,El Paso,6/2/20,,,,,2,,1,,,,,,,,,,,,
Empire Meats Denver Processing,Resolved,5/10/20,Other,Meat Processing,Denver,4/23/20,,,,,20,,,,,,,,,,,,,,
Epicurean Butter,Resolved,7/1/20,Other,Food Manufacturing,Adams,5/12/20,,,,,4,5,,,,,,,,,,,,,
Evergreen Assisted Living (230109),Resolved,6/24/20,"Healthcare, assisted living residence",,Morgan,5/15/20,12,,1,,9,,,,,,,,,,,,,,
Exceptional Stays Cleaning Company,Active,,Other,Cleaning Company,San Miguel,6/23/20,,,,,3,,,,,,,,,,,,,,
"Fairacres Manor, Inc. (020369)",Resolved,5/18/20,"Healthcare, skilled nursing facility",,Weld,3/24/20,16,24,8,5,31,15,,,,,,,,,,,,,
Family Assisted Living (23J545),Resolved,6/16/20,"Healthcare, assisted living residence",,Jefferson,5/14/20,6,,1,,2,,,,,,,,,,,,,,
Federal Correctional Institution Englewood,Active,,Prison/jail,,Colorado,6/4/20,5,,,,,,,,,,,,,,,,,,
Fedex Ground Henderson,Active,,Other,Warehouse Distribution,Adams,6/5/20,,,,,13,9,,,,,,,,,,,,,
Five Star Residences of Dayton Place (2304D3),Active,,"Healthcare, assisted living residence",,Arapahoe,5/20/20,14,,2,,7,3,,,,,,,,,,,,,
Food King ,Resolved,6/16/20,Grocery store,,Weld,5/27/20,,,,,11,3,,,,,,,,,,,,,
Forest Street Compassionate Care Center (02H516),Active,,"Healthcare, skilled nursing facility",,Denver,4/18/20,34,2,9,1,18,1,,,,,,,,,,,,,
Frasier Meadows,Resolved,6/19/20,Independent Living Facility,,Boulder,4/1/20,3,,,,3,5,,,,,,,,,,,,,
Friday Health Plans,Active,,Office/indoor workspace,,Alamosa,6/10/20,,,,,12,2,,,,,,,,,,,,,
Fuzzy's Taco Shop,Active,,Restaurant sit down,,El Paso,6/21/20,,,,,3,,,,,,,,,,,,,,
Garcia Fence and Supply,Active,,Other,Fencing company,El Paso,5/25/20,,,,,4,1,,,,,,,,,,,,,
Garden Terrace Alzheimer's Center of Excellence (020469),Resolved,6/19/20,"Healthcare, skilled nursing facility",,Arapahoe,4/22/20,42,5,9,1,17,4,,,,,,,,,,,,,
Genesis Hospitality Corporation,Active,,Office/indoor workspace,,Larimer,6/23/20,,,,,2,1,,,,,,,,,,,,,
"Go Right PPL, Inc",Resolved,6/26/20,Other,Factory,Arapahoe,5/15/20,,,,,26,,1,,,,,,,,,,,,
Good Samaritan Society - Bonell Community (020356),Resolved,6/30/20,"Healthcare, combined care",,Weld,4/12/20,23,10,8,,12,15,,,,,,,,,,,,,
Goodwill,Resolved,6/16/20,Other,Thrift store,El Paso,5/17/20,,,,,4,4,,,,,,,,,,,,,
Grace Manor Care Center (020175),Resolved,6/8/20,"Healthcare, skilled nursing facility",,Kit Carson,4/15/20,8,2,2,1,6,3,,,,,,,,,,,,,
"Grace Pointe Cont Care Sr Campus, Skilled Nursing (02D975)",Resolved,6/9/20,"Healthcare, skilled nursing facility",,Weld,5/12/20,4,1,1,,8,,,,,,,,,,,,,,
"Granville Assisted Living Center, The (23045K)",Resolved,6/4/20,"Healthcare, assisted living residence",,Jefferson,4/2/20,9,8,3,,3,5,,,,,,,,,,,,,
Green Chef- Hello Fresh,Active,,Other,Food Packaging Industry,Arapahoe,5/11/20,,,,,19,5,1,,,,,,,,,,,,
Greenways Landscape Services,Active,,Other,Landscaping,Adams,7/2/20,,,,,8,,,,,,,,,,,,,,
Gunnison Valley Health Senior Care Center (020999),Resolved,6/24/20,"Healthcare, skilled nursing facility",,Gunnison,4/15/20,3,8,1,1,2,33,,,,,,,,,,,,,
H Mart Westminster,Resolved,6/16/20,Grocery store,,Adams,5/14/20,,,,,9,,,,,,,,,,,,,,
Hallmark Nursing Center (020453),Active,,"Healthcare, skilled nursing facility",,Denver,5/4/20,4,12,1,2,3,10,,,,,,,,,,,,,
Harbor Light,Active,,Group home,Rehab center,Denver,5/6/20,20,4,,,6,3,,,,,,,,,,,,,
Harmony Pointe Nursing Center (020425),Resolved,6/9/20,"Healthcare, skilled nursing facility",,Jefferson,4/20/20,3,,1,,12,,,,,,,,,,,,,,
Harvard Square Retirement Community (230428),Active,,"Healthcare, combined care",,Denver,4/12/20,47,,16,,18,13,,,,,,,,,,,,,
Harvest Fresh,Active,,Farm/dairy,,Saguache,6/19/20,,,,,3,3,,,,,,,,,,,,,
Health Center at Franklin Park (020439),Resolved,7/7/20,"Healthcare, skilled nursing facility",,Denver,4/7/20,23,2,6,,15,13,,,,,,,,,,,,,
Hearth Restaurant and Pub,Active,,Restaurant sit down,,Weld,6/29/20,,,,,4,2,,,,,,,,,,,,,
Hi-Land Potato Inc,Active,,Other,Agricultural and Manufactured food facility,Rio Grande,5/26/20,,,,,13,,,,,,,,,,,,,,
Highline Place (23L199),Resolved,5/19/20,"Healthcare, assisted living residence",,Arapahoe,4/7/20,2,1,1,1,4,,,,,,,,,,,,,,
Highline Rehabilitation and Care Community (020437),Resolved,5/26/20,Healthcare other,Inpatient rehabilitation,Denver,4/1/20,14,1,9,1,26,3,,,,,,,,,,,,,
HighPointe Assisted Living & Memory Care (23M205),Resolved,7/2/20,"Healthcare, assisted living residence",,Denver,4/24/20,15,3,1,,5,1,,,,,,,,,,,,,
Holly Heights Care Center (020412),Active,,"Healthcare, combined care",,Denver,4/6/20,43,10,15,4,27,8,,,,,,,,,,,,,
Home Depot,Active,,Other,Home Improvement Retailer,Arapahoe,5/14/20,,,,,4,12,,,,,,,,,,,,,
Home Depot,Resolved,7/7/20,Other,Home improvement retailer,Arapahoe,5/19/20,,,,,2,6,,,,,,,,,,,,,
Hops N Drops,Active,,Restaurant sit down,,El Paso,6/25/20,,,,,8,,,,,,,,,,,,,,
Hospice Del Valle,Active,,Healthcare other,Hospice ,Alamosa,6/25/20,,,,,2,1,,,,,,,,,,,,,
Hospital Cooperative Laundry,Resolved,6/7/20,Other,Laundry Services,Denver,5/8/20,,,,,13,,,,,,,,,,,,,,
Idaho Pacific,Active,,Other,Potato Warehouse,Rio Grande,5/20/20,,,,,7,,,,,,,,,,,,,,
Independent Financial,Active,,Other,Bank,Denver,6/29/20,,,,,3,,,,,,,,,,,,,,
Inglenook at Brighton (2303GK),Resolved,5/19/20,"Healthcare, assisted living residence",Assisted living and memory care,Adams,3/24/20,18,2,8,,5,14,,,,,,,,,,,,,
Innovative Dental,Active,,Healthcare other,Dental Office,Summit,7/2/20,,,,,2,,,,,,,,,,,,,,
Intervention Community Corrections Services - Weld,Resolved,6/2/20,Prison/jail,,Weld,4/17/20,5,44,,,2,16,,,,1,,,,,,,,,
Iron Mountain Hot Springs,Active,,Other,Hot Spring/Spa,Garfield,6/30/20,,,,,2,,,,,,,,,,,,,,
Irondale Post Acute (020421),Resolved,6/9/20,"Healthcare, skilled nursing facility",,Adams,4/9/20,14,5,3,,13,6,,,,,,,,,,,,,
Izzio Bakery ,Resolved,6/7/20,Other,Bakery ,Boulder,5/6/20,,,,,7,1,,,,,,,,,,,,,
Jack in the Box,Active,,Restaurant  fast food,,Arapahoe,6/16/20,,,,,4,,,,,,,,,,,,,,
JBS Corporate,Resolved,,Office/indoor workspace,,Weld,5/13/20,,,,,5,,1,,,,,,,,,,,,
JBS Greeley Plant,Active,,Other,Slaughterhouse/Meat packing plant,Weld,4/3/20,,,,,286,,6,,,,,,,,,,,,
JBS Summer Internship Program,Active,,Other,Educational Program,Weld,7/3/20,,,,,5,,,,,,,,,,,,,,
Jefferson County Detention Facility,Active,,Prison/jail,,Jefferson,5/5/20,53,20,1,,11,5,,,,,,,,,,,,,
Jewell Care Center of Denver (020416),Active,,"Healthcare, skilled nursing facility",,Denver,3/30/20,42,8,6,2,14,15,,,,,,,,,,,,,
Julia Temple Healthcare Center (020418),Resolved,6/30/20,"Healthcare, skilled nursing facility",,Arapahoe,4/17/20,12,20,4,14,31,8,2,,,,,,,,,,,,
Juniper Village - The Spearly Center (020424),Active,,"Healthcare, skilled nursing facility",,Denver,5/5/20,38,4,9,1,17,,,,,,,,,,,,,,
Juniper Village at Aurora (2304S1),Resolved,6/12/20,"Healthcare, combined care",,Arapahoe,4/11/20,38,,9,,28,6,,,,,,,,,,,,,
Keesen Landscaping,Resolved,6/12/20,Other,Landscaping,Arapahoe,5/15/20,,,,,12,,2,,,,,,,,,,,,
Kenton Manor (020321),Active,,"Healthcare, skilled nursing facility",,Weld,4/17/20,25,,7,,13,,,,,,,,,,,,,,
Keystone Achievement,Active,,"Healthcare, outpatient",Behavioral health,El Paso,5/18/20,,,,,4,,,,,,,,,,,,,,
Kidney Center of Longmont,Active,,"Healthcare, dialysis",,Boulder,7/7/20,,,,,2,,,,,,,,,,,,,,
King Soopers,Active,,Grocery store,,Adams,6/2/20,,,,,7,15,,,,,,,,,,,,,
King Soopers #127,Active,,Grocery store,,Jefferson,6/15/20,,,,,2,,,,,,,,,,,,,,
King Soopers #19,Resolved,,Grocery store,,Denver,5/28/20,,,,,3,,,,,,,,,,,,,,
King Soopers #25,Resolved,6/9/20,Grocery store,,Jefferson,5/18/20,,,,,4,,,,,,,,,,,,,,
King Soopers #29,Resolved,6/25/20,Grocery store,,Denver,5/12/20,,,,,13,,2,,,,,,,,,,,,
King Soopers #78,Resolved,6/9/20,Grocery store,,Jefferson,5/18/20,,,,,4,,,,,,,,,,,,,,
King Soopers Bakery,Resolved,5/27/20,Other,Bakery,Denver,4/27/20,,,,,27,7,1,,,,,,,,,,,,
Kip's Grill,Active,,Restaurant sit down,,Mineral,7/2/20,,,,,3,5,,,,,,,,,,,,,
Kit Carson School construction site,Active,6/11/20,Other,construction site,Cheyenne,5/11/20,,,,,26,,,,,,,,,,,,,,
Lake Loveland Dermatology (Ideal Dermatology),Active,,"Healthcare, outpatient",,Larimer,6/23/20,,,,,5,2,,,,,,,,,,,,,
Lakeview Senior Living,Resolved,5/12/20,Independent Living Facility,,Jefferson,4/5/20,7,,4,,5,,,,,,,,,,,,,,
Lakewood Reserve (23R738),Resolved,5/19/20,"Healthcare, combined care",,Jefferson,4/28/20,2,1,1,,1,,,,,,,,,,,,,,
"Laurel Manor Care Center, Inc (020527)",Active,,"Healthcare, skilled nursing facility",,El Paso,3/20/20,25,15,8,6,17,26,,,,,,,,,,,,,
Learn Thru Play Children's Kiddieland,Active,,Child care center,,Otero,5/28/20,,,,,1,,,,1,,,,,,,,,,
"Legacy Village of Castle Pines, LLC (23O530)",Active,,"Healthcare, assisted living residence",,Douglas,7/7/20,7,,,,1,,,,,,,,,,,,,,
Lemay Avenue Health & Rehabilitation Facility (020326),Resolved,6/2/20,"Healthcare, skilled nursing facility",,Larimer,4/20/20,2,8,1,,1,10,,,,,,,,,,,,,
Leprino - Denver,Resolved,5/26/20,Other,Environmental Laboratory,Denver,5/5/20,,,,,5,1,,,,,,,,,,,,,
Leprino Foods - Fort Morgan,Resolved,6/6/20,Other,Food Manufacturer,Morgan,4/24/20,,,,,86,,1,,,,,,,,,,,,
Leprino Foods - Greeley,Resolved,,Other,Food Manufacturer,Weld,4/24/20,,,,,20,1,,,,,,,,,,,,,
Libby Bortz Assisted Living Center (2304GF),Resolved,5/14/20,"Healthcare, assisted living residence",,Arapahoe,3/23/20,10,1,6,,2,3,,,,,,,,,,,,,
Life Care Center of Aurora (0204F6),Resolved,6/17/20,"Healthcare, skilled nursing facility",,Arapahoe,4/28/20,57,5,12,,16,7,,,,,,,,,,,,,
Life Care Center of Longmont (020316),Active,,"Healthcare, skilled nursing facility",,Boulder,4/7/20,5,10,1,1,1,12,,,,,,,,,,,,,
Lipman Colorado LLC,Resolved,6/30/20,Other,Produce Repack Warehouse/Distribution,Denver,6/30/20,,,,,4,,,,,,,,,,,,,,
Littleton Care and Rehabilitation Center (020462),Resolved,5/8/20,"Healthcare, skilled nursing facility",,Arapahoe,4/7/20,5,3,2,2,12,6,,,,,,,,,,,,,
Loveland Steam Laundry,Active,,Other,Steam Laundry,Larimer,6/12/20,,,,,7,1,,,,,,,,,,,,,
Lowe's,Resolved,6/9/20,Other,Retail,Summit,5/16/20,,,,,3,,,,,,,,,,,,,,
Lowry Hills Care and Rehabilitation (020426),Active,,"Healthcare, skilled nursing facility",,Arapahoe,4/11/20,8,5,4,,6,8,,,,,,,,,,,,,
Manorcare Health Services - Denver (020476),Active,,"Healthcare, skilled nursing facility",,Denver,4/8/20,42,8,12,2,12,15,,,,,,,,,,,,,
Mapleton Care Center (020411),Resolved,6/19/20,"Healthcare, skilled nursing facility",,Jefferson,3/30/20,12,5,5,4,9,9,1,,,,,,,,,,,,
Marycrest Assisted Living (2304ST),Active,,"Healthcare, assisted living residence",,Denver,5/15/20,2,6,2,,4,7,,,,,,,,,,,,,
McDonald's,Active,,Restaurant  fast food,,El Paso,5/18/20,,,,,8,,,,,,,,,,,,,,
McDonalds,Active,,Restaurant  fast food,,Prowers,6/30/20,,,,,5,2,,,,,,,,,,,,,
McKesson Medical Supply,Resolved,6/25/20,Office/indoor workspace,,Denver,5/26/20,,,,,14,10,,,,,,,,,,,,,
Meadow Hills Makarios Assisted Living (23C491),Resolved,5/15/20,"Healthcare, assisted living residence",,Arapahoe,4/20/20,2,,,,1,,,,,,,,,,,,,,
Medallion Post Acute Rehabilitation (020582),Active,,Healthcare other,Rehab and Senior Living,El Paso,7/6/20,2,3,,,7,5,,,,,,,,,,,,,
Mesa Vista of Boulder (020380),Resolved,7/7/20,"Healthcare, combined care",,Boulder,4/14/20,22,9,4,1,16,15,,,,,,,,,,,,,
Metco Landscape Inc,Active,,Other,Landscaping company,El Paso,5/21/20,,,,,6,3,,,,,,,,,,,,,
Mezzaluna Aspen,Active,,Restaurant sit down,,Pitkin,6/19/20,,,,,3,,,,,,,,,,,,,,
Mi Pueblo Market- Aurora,Resolved,6/19/20,Grocery store,,Adams,5/21/20,,,,,7,,,,,,,,,,,,,,
Mi Pueblo Market- Thornton,Resolved,6/5/20,Grocery store,,Adams,5/12/20,,,,,20,,,,,,,,,,,,,,
Midwest Barricade Co,Active,,Office/indoor workspace,Traffic safety equipment supplier company,El Paso,6/25/20,,,,,7,,,,,,,,,,,,,,
Mission Foods,Resolved,6/25/20,Other,Manufactured foods facility,Pueblo,6/1/20,,,,,6,,,,,,,,,,,,,,
Modern Painting Services,Active,,Other,House Painting Business,El Paso,6/20/20,,,,,5,2,,,,,,,,,,,,,
Monaco Parkway Health and Rehabilitation Center (020497),Active,,"Healthcare, skilled nursing facility",,Denver,5/4/20,9,2,1,,19,,,,,,,,,,,,,,
Montage Heights (23H133),Resolved,6/3/20,"Healthcare, assisted living residence",,Arapahoe,4/15/20,7,1,3,,4,4,,,,,,,,,,,,,
Montage Hills (0204T9),Resolved,6/17/20,"Healthcare, assisted living residence",,Arapahoe,4/28/20,5,,1,,7,1,,,,,,,,,,,,,
Montage Ridge (0204C5),Resolved,6/9/20,"Healthcare, combined care",,Jefferson,4/6/20,4,2,1,,10,5,2,,,,,,,,,,,,
MorningStar at Jordan (23E528),Resolved,6/25/20,"Healthcare, assisted living residence",,Arapahoe,5/5/20,38,,12,,21,,,,,,,,,,,,,,
MorningStar at Mountain Shadows (23Y392),Resolved,5/14/20,"Healthcare, assisted living residence",,El Paso,3/30/20,15,7,8,,8,1,,,,,,,,,,,,,
MorningStar at RidgeGate (23X760),Resolved,6/9/20,"Healthcare, combined care",,Douglas,4/22/20,24,5,7,1,6,2,,,,,,,,,,,,,
Mountain King Potatoes,Active,,Farm/dairy,,Rio Grande,5/14/20,,,,,25,,,,,,,,,,,,,,
Mountain States Rosen Company,Resolved,5/27/20,Other,Meat Processing Plant (Lamb),Weld,3/31/20,,,,,7,2,,,,,,,,,,,,,
Mountain Vista Assisted Living & Memory Care (2304SY),Active,,"Healthcare, assisted living residence",,Jefferson,5/25/20,16,1,4,,5,2,,,,,,,,,,,,,
Mountain Vista Health Center (020429),Active,,"Healthcare, skilled nursing facility",,Jefferson,4/10/20,76,19,22,10,30,11,,,,,,,,,,,,,
New Genesis Transitional Living Shelter,Active,,Other,Homeless shelter,Denver,4/20/20,34,3,,,3,,,,,,,,,,,,,,
Next 1 Labs,Active,,Other,THC Laboratory,Adams,6/8/20,,,,,6,,,,,,,,,,,,,,
Nightingale Lane (2304XO),Resolved,6/23/20,"Healthcare, combined care",assisted living and memory care,Jefferson,4/12/20,13,2,5,2,2,,,,,,,,,,,,,,
North Shore Health & Rehab Facility (020331),Resolved,5/19/20,"Healthcare, skilled nursing facility",,Larimer,3/12/20,22,7,6,5,9,4,,,,,,,,,,,,,
Northglenn Heights Assisted Living Community (230430),Active,,"Healthcare, assisted living residence",,Adams,6/2/20,5,,,,5,1,,,,,,,,,,,,,
O'Reilly Auto Parts #2712,Resolved,6/15/20,Other,Retail,Jefferson,5/22/20,,,,,3,,1,,,,,,,,,,,,
"Oberon House, The (2304C7)",Active,,"Healthcare, assisted living residence",,Jefferson,7/7/20,1,,1,,1,,,,,,,,,,,,,,
Olson's Greenhouse,Resolved,5/19/20,Farm/dairy,,Weld,5/12/20,,,,,14,9,,,,,,,,,,,,,
OraLabs,Resolved,6/29/20,Other,Manufacturer (Hand Sanitizer),Douglas,5/14/20,,,,,23,15,,,,,,,,,,,,,
Orchard Park Health Care Center (020468),Resolved,6/26/20,"Healthcare, skilled nursing facility",,Arapahoe,4/14/20,64,19,5,,56,13,,,,,,,,,,,,,
Orchard Valley Learning Center,Resolved,6/4/20,Child care center,,Arapahoe,5/9/20,,,,,2,1,,,1,1,,,,,,,,,
OrePac Building Products,Resolved,6/15/20,Other,Building materials supplier,Denver,5/14/20,,,,,18,,,,,,,,,,,,,,
Origin Hotel Westminster Construction Site,Resolved,6/30/20,Other,Construction site,Jefferson,6/30/20,,,,,2,,,,,,,,,,,,,,
Panda Express,Resolved,6/26/20,Restaurant  fast food,,Pueblo,6/2/20,,,,,2,3,,,,,,,,,,,,,
Park Regency Thornton (23Q568),Resolved,6/16/20,"Healthcare, assisted living residence",,Adams,5/6/20,3,,1,,1,,,,,,,,,,,,,,
Parker Senior Living by MorningStar (23X291),Resolved,6/8/20,"Healthcare, assisted living residence",,Douglas,4/16/20,3,,,,1,4,,,,,,,,,,,,,
Parkview Care Center (020440),Resolved,5/26/20,"Healthcare, skilled nursing facility",,Denver,4/11/20,15,14,5,6,12,3,,,,,,,,,,,,,
Pasta Jays,Active,,Restaurant other or unknown type,,Boulder,6/14/20,,,,,4,1,,,,,,,,,,,,,
"Peaks Care Center, The (020391)",Active,,"Healthcare, combined care",,Boulder,4/12/20,48,1,16,1,33,,,,,,,,,,,,,,
Peakview Assisted Living and Memory Care (23F490),Resolved,6/9/20,"Healthcare, assisted living residence",,Arapahoe,5/1/20,2,1,,,1,,,,,,,,,,,,,,
Pearl Street Health & Rehabilitation Center (020431),Active,,"Healthcare, skilled nursing facility",,Arapahoe,4/2/20,10,1,,,8,3,,,,,,,,,,,,,
Pecos - Independence House,Active,,Other,Community correctional facility,Denver,5/18/20,21,1,,,3,1,,,,,,,,,,,,,
Pikes Peak Center (02B942),Active,,"Healthcare, combined care",,El Paso,4/20/20,91,3,26,,46,4,,,,,,,,,,,,,
Plastics Inc,Resolved,6/30/20,Other,Pipe distributor,Adams,6/12/20,,,,,3,,,,,,,,,,,,,,
Players Club,Active,,Restaurant other or unknown type,Restaurant/Adult Entertainment,Adams,6/24/20,,,,,5,,,,,,,,,,,,,,
Pollution Solutions ,Resolved,6/23/20,Office/indoor workspace,,Larimer,5/28/20,,,,,5,,,,,,,,,,,,,,
Porter Place Inc (2304E7),Resolved,6/23/20,"Healthcare, assisted living residence",,Denver,5/18/20,20,,8,,12,,,,,,,,,,,,,,
Powerback Rehabilitation Lafayette (02U713),Active,,"Healthcare, skilled nursing facility",,Boulder,4/15/20,10,1,5,,13,2,,,,,,,,,,,,,
Powerback Rehabilitation Lakewood (02A935),Resolved,6/5/20,"Healthcare, skilled nursing facility",,Jefferson,4/13/20,11,11,4,1,10,9,,,,,,,,,,,,,
Prairie Dog Treats/Antlers,Resolved,5/28/20,Other,Dog Food Plant,Montrose,4/21/20,,,,,11,,,,,,,,,,,,,,
ProHealth,Active,,Other,Potato Processing Plant,Yuma,5/28/20,,,,,23,,,,,,,,,,,,,,
Pueblo Viejo Family Mexican Restaurant,Active,,Restaurant sit down,,Larimer,7/2/20,,,,,3,,,,,,,,,,,,,,
Redbird Farms,Active,,Other,Poultry Processing Center,Arapahoe,6/5/20,,,,,8,7,,,,,,,,,,,,,
"Rehabilitation Center at Sandalwood,The (020465)",Active,,"Healthcare, skilled nursing facility",,Jefferson,4/26/20,15,3,,,14,10,,,,,,,,,,,,,
"Residence at Oakridge, The (23R289)",Resolved,6/2/20,"Healthcare, assisted living residence",,Larimer,4/11/20,5,3,1,,6,1,,,,,,,,,,,,,
Ridgeview Post Acute (020404),Resolved,7/2/20,"Healthcare, skilled nursing facility",,Adams,4/13/20,25,3,9,1,15,9,,,,,,,,,,,,,
River Run Construction Site,Active,,Other,Construction,Grand,6/24/20,,,,,3,,,,,,,,,,,,,,
RiverPointe Senior Living,Resolved,5/28/20,Independent Living Facility,,Arapahoe,4/1/20,3,,1,,3,,,,,,,,,,,,,,
Robert Russell Eastern Star-Masonic Ctr of Colorad (2304HP),Resolved,5/29/20,"Healthcare, assisted living residence",,Denver,4/6/20,10,2,2,2,7,4,,,,,,,,,,,,,
Rocky Mountain Bakehouse,Active,,Other,Commercial Bakery,Arapahoe,4/24/20,,,,,8,,,,,,,,,,,,,,
Rocky Mountain Gutters,Resolved,6/23/20,Other,Gutters,Garfield,6/3/20,,,,,5,1,,,,,,,,,,,,,
Rocky Mountain Natural Meats,Resolved,6/3/20,Other,Meat Processing Plant,Adams,4/13/20,,,,,18,,,,,,,,,,,,,,
"Rowan Community, Inc (020459)",Active,,"Healthcare, skilled nursing facility",,Denver,4/8/20,11,8,2,1,15,15,,,,,,,,,,,,,
Ryan and Company Construction,Resolved,6/4/20,Other,Tile/Construction,Douglas,5/7/20,,,,,2,,,,,,,,,,,,,,
Safeway,Resolved,7/7/20,Grocery store,,El Paso,5/20/20,,,,,4,,,,,,,,,,,,,,
Safeway Distribution Center,Resolved,5/22/20,Other,Food Distribution,Denver,5/1/20,,,,,6,,1,,,,,,,,,,,,
Samitaran House Denver,Active,,Other,Shelter,Denver,5/20/20,3,,,,2,1,,,,,,,,,,,,,
San Juan Living Center (021141),Resolved,5/28/20,"Healthcare, skilled nursing facility",,Montrose,4/6/20,16,4,6,,7,14,,,,,,,,,,,,,
San Luis Care Center (021020),Active,,"Healthcare, combined care",,Alamosa,6/11/20,20,,2,,7,12,,,,,,,,,,,,,
Schnell North America Inc,Resolved,6/17/20,Other,Provides parts and technical assistance for rebar processing machines,Adams,5/13/20,,,,,2,,,,,,,,,,,,,,
Schommer Construction,Resolved,5/21/20,Other,Construction company,El Paso,5/12/20,,,,,2,,,,,,,,,,,,,,
Serenity House Assisted Living Hunters Hill (23G942),Resolved,5/18/20,"Healthcare, assisted living residence",,Arapahoe,4/13/20,2,5,,1,4,,,,,,,,,,,,,,
Serenity House Assisted Living III (2304WE),Resolved,4/29/20,"Healthcare, assisted living residence",,Arapahoe,3/31/20,6,1,2,1,4,,,,,,,,,,,,,,
Serenity House Assisted Living Littleton (23M202),Resolved,5/26/20,"Healthcare, assisted living residence",,Jefferson,4/17/20,7,1,2,,2,2,,,,,,,,,,,,,
Sherman House Group Home (Continuum of Colorado),Resolved,5/20/20,Group home,,Arapahoe,4/7/20,3,1,,,1,,,,,,,,,,,,,,
Sierra Rehabilitation and Care Community (020423),Resolved,6/16/20,"Healthcare, skilled nursing facility",,Jefferson,4/3/20,18,11,8,6,44,1,,,,,,,,,,,,,
Simply Delicious,Resolved,7/6/20,Other,Food manufacturing,Boulder,5/12/20,,,,,5,,,,,,,,,,,,,,
Sloan's Lake Rehabilitation Center (02Q649),Resolved,5/22/20,"Healthcare, skilled nursing facility",Rehab ,Denver,4/7/20,5,9,2,1,10,7,,,,,,,,,,,,,
Someren Glen Assisted Living (2304VQ),Active,,"Healthcare, combined care",,Arapahoe,4/1/20,10,6,6,1,8,9,,,,,,,,,,,,,
"Splash Pool Services, Inc",Active,,Pool/water park,,Larimer,6/26/20,,,,,2,,,,1,,,,,,,,,,
Springs Fabrication,Active,,Office/indoor workspace,,El Paso,5/18/20,,,,,2,1,,,,,,,,,,,,,
St Andrews Village (23G126),Resolved,7/6/20,"Healthcare, assisted living residence",,Arapahoe,5/27/20,5,,1,,,3,,,,,,,,,,,,,
St Andrews Village-LTC (02O244),Resolved,6/9/20,"Healthcare, skilled nursing facility",,Arapahoe,4/8/20,13,2,8,,8,2,,,,,,,,,,,,,
St Francis Center Day Shelter,Active,,Other,Shelter,Denver,5/8/20,,,,,5,2,,,10,,,,,,,,,,
St Paul Health Center (020448),Resolved,6/8/20,"Healthcare, skilled nursing facility",,Denver,4/21/20,5,3,1,,3,7,,,,,,,,,,,,,
Sterling Correctional Facility,Active,,Prison/jail,,Colorado,4/14/20,564,,3,,36,3,,,,,,,,,,,,,
Steven Roberts Original Desserts,Active,,Other,Food Manufacturer ,Adams,5/15/20,,,,,127,6,1,,,,,,,,,,,,
Stevinson Toyota East,Resolved,6/10/20,Office/indoor workspace,Car dealership ,Arapahoe,5/20/20,,,,,5,,,,,,,,,,,,,,
"Suites at Holly Creek Assisted Living, The (23Y389)",Resolved,6/26/20,"Healthcare, combined care","Skilled nursing, continuing care retirement community",Arapahoe,4/15/20,11,,4,,4,2,,,,,,,,,,,,,
"Suites Parker, The (02K186)",Active,,"Healthcare, skilled nursing facility",,Douglas,5/19/20,19,2,,1,12,1,,,,,,,,,,,,,
Summit Rehabilitation and Care Community (020407),Active,,"Healthcare, skilled nursing facility",,Arapahoe,5/9/20,39,6,,,25,2,,,,,,,,,,,,,
Sunrise at Cherry Creek (2304OU),Resolved,5/13/20,"Healthcare, skilled nursing facility",,Denver,4/2/20,5,4,2,1,7,,,,,,,,,,,,,,
Sunrise at Flatirons (23R708),Active,,"Healthcare, assisted living residence",,Broomfield,4/21/20,15,3,10,2,11,,,,,,,,,,,,,,
Sunrise at Orchard (2304NM),Active,,"Healthcare, assisted living residence",,Arapahoe,4/21/20,25,6,6,2,24,9,,,,,,,,,,,,,
Sunset Manor (020186),Resolved,6/30/20,"Healthcare, skilled nursing facility",,Morgan,4/30/20,20,1,5,1,17,,,,,,,,,,,,,,
Sweet Cow Ice Cream,Active,,Restaurant other or unknown type,Ice Cream,Denver,6/15/20,,,,,2,,,,,,,,,,,,,,
Swire Coca-Cola,Resolved,6/9/20,Other,Warehouse,Denver,5/21/20,,,,,10,,,,,,,,,,,,,,
Terrace Gardens Healthcare Center (020561),Resolved,5/9/20,"Healthcare, skilled nursing facility",,El Paso,4/2/20,1,7,,,,5,,,,,,,,,,,,,
The Courtyard at Lakewood Independent Living Center,Resolved,6/8/20,Independent Living Facility,,Jefferson,4/5/20,4,,2,,,,,,,,,,,,,,,,
The EDGE,Resolved,4/26/20,Other,Copper Mountain Employee Housing,Summit,3/25/20,2,2,,,,,,,,,,,,,,,,,
The Inn at Aspen,Active,,Hotel/lodge/resort,,Pitkin,6/22/20,,,,,4,1,,,,,,,,,,,,,
The Learning Experience- Westminster,Resolved,6/24/20,Child care center,,Jefferson,5/7/20,,,,,2,1,,,,,,,,,,,,,
The Standard at Fort Collins,Active,,Other,Construction Site,Larimer,5/29/20,,,,,10,3,,,,,,,,,,,,,
The Women's Clinic of Northern Colorado,Active,,"Healthcare, outpatient",,Larimer,6/30/20,,,,,2,,,,,,,,,,,,,,
Thrivecare Cody LLC (23Q263),Resolved,6/24/20,"Healthcare, assisted living residence",,Jefferson,5/30/20,2,,,,2,,,,,,,,,,,,,,
Tile Art Granite Fabrication Shop,Active,,Other,"Workplace, no store front, in homes",La Plata,7/6/20,,,,,2,1,,,,,,,,,,,,,
Tommyknocker Tavern,Active,,Restaurant sit down,,Mineral,6/25/20,,,,,,,,,3,,,,,,,,,,
Top Golf ,Active,,Other,Recreation Facility and Restaurant,Arapahoe,6/29/20,,,,,3,3,,,,,,,,,,,,,
United Ground Express,Resolved,5/18/20,Other,Airport operations/support,Denver,4/24/20,,,,,15,,,,,,,,,,,,,,
United States Postal Distribution Center,Active,,Other,Mail distribution center,Denver,6/1/20,,,,,14,,,,,,,,,,,,,,
Universal Forest Products,Active,,Other,Lumber/Construction ,Boulder,4/13/20,,,,,5,,,,,,,,,,,,,,
University Heights Rehab And Care Community (020447),Active,,"Healthcare, skilled nursing facility",,Arapahoe,4/14/20,18,1,4,,18,,,,,,,,,,,,,,
University of Denver-Employees,Active,,Other,University,Denver,6/15/20,,,,,7,,,,,,,,,,,,,,
University Park Care Center (020650),Active,,"Healthcare, skilled nursing facility",,Pueblo,5/29/20,34,2,9,,13,9,,,,,,,,,,,,,
Uptown Health Care Center (020452),Active,,"Healthcare, skilled nursing facility",,Denver,6/18/20,7,2,1,,2,,,,,,,,,,,,,,
Urban Peak,Active,,Other,Youth shelter,Denver,5/8/20,4,8,,,,,,,,,,,,,,,,,
Van Cise-Simonet Detention Center,Active,,Prison/jail,,Denver,4/30/20,194,204,,,5,9,,,,,,,,,,,,,
Vi at highlands Ranch ,Resolved,6/17/20,Independent Living Facility,,Douglas,6/9/20,6,4,3,1,2,6,,,,,,,,,,,,,
Vibra Hospital Construction Site,Active,,Other,Construction Site,Adams,7/1/20,,,,,3,1,,,,,,,,,,,,,
Victory Outreach Transitional Housing,Active,,Group home,,Weld,6/12/20,3,7,,,1,1,,,,,,,,,,,,,
Villa Manor Care Center (020451),Resolved,7/2/20,"Healthcare, skilled nursing facility",,Jefferson,5/6/20,56,12,18,2,50,6,,,,,,,,,,,,,
Village at Belmar (23Z408),Active,,"Healthcare, assisted living residence",,Jefferson,5/27/20,2,,,,4,,,,,,,,,,,,,,
Villagio of Broomfield (23Z321),Resolved,6/30/20,"Healthcare, assisted living residence",,Jefferson,5/16/20,2,,1,,5,2,,,,,,,,,,,,,
Walmart,Active,,Grocery store,,El Paso,5/18/20,,,,,4,6,,,,,,,,,,,,,
Walmart,Resolved,6/9/20,Grocery store,,Arapahoe,4/22/20,,,,,16,2,2,,,,,,,,,,,,
Walmart Distribution Center,Resolved,6/19/20,Other,Distribution Center,Larimer,5/15/20,,,,,31,2,,,,,,,,,,,,,
Washington County Justice Center,Active,,Prison/jail,,Washington,5/22/20,27,,,,4,,,,,,,,,,,,,,
Weld County Jail,Active,,Prison/jail,,Weld,4/1/20,39,,1,,22,,,,,,,,,,,,,,
Weld County Work Release Program,Resolved,6/8/20,Prison/jail,,Weld,4/21/20,6,10,,,1,6,,,,,,,,,,,,,
West Elk Mine/Arch Coal,Resolved,6/1/20,Other,Coal Mine,Gunnison,4/21/20,,,,,7,8,,,,,,,,,,,,,
West Pines-Senior Behavioral Health,Resolved,6/30/20,Healthcare other,Inpatient psychiatry,Jefferson,5/11/20,8,1,1,,12,,,,,,,,,,,,,,
Wheat Ridge Regional Center-Iris House,Active,,Group home,,Jefferson,4/16/20,2,5,1,,6,3,,,,,,,,,,,,,
White House Pizza/Pepperoni Pizza Kitchen,Active,,Restaurant sit down,,Garfield,6/30/20,,,,,3,,,,,,,,,,,,,,
Wind Crest,Active,,Independent Living Facility,,Douglas,3/30/20,6,2,2,,4,42,,,,,,,,,,,,,
Windigo Logistics,Active,,Other,Warehouse,El Paso,5/18/20,,,,,4,3,,,,,,,,,,,,,
Winslow Court Retirement Community (230512),Resolved,6/11/20,Healthcare other,Assisted living & independent living ,El Paso,4/1/20,25,4,11,,9,3,,,,,,,,,,,,,
Workforce Management,Active,,Office/indoor workspace,,El Paso,6/11/20,,,,,2,,,,,,,,,,,,,,
