,Setting name,Investigation status,Date Outbreak Resolved,Setting type,"If setting type is other, specify",Industry,CTYNAME,Date illnesses were determined to be an outbreak,Number of residents positive for COVID-19 (lab confirmed),Number of residents with probable COVID-19 (NOT lab confirmed),Number of COVID-19 deaths (lab confirmed/confirmed),Number of COVID-19 deaths (NOT lab confirmed/probable),Number of staff who are positive for COVID-19 (lab confirmed),Number of staff with probable COVID-19 (NOT lab confirmed),Number of COVID-19 staff deaths (lab confirmed/confirmed),Number of attendees who are positive for COVID-19 (lab confirmed),Number of attendees with probable COVID-19 (NOT lab confirmed),Number of COVID-19 attendee deaths (lab confirmed/confirmed),Median Salary,Ratio_Hispanic_Pop,Hispanic Population Percentage,Total Staff Infected
0,1111 Camino Del Rio Hotel Construction Site,Resolved,6/29/20,Other,Construction Site,Construction,La Plata,6/1/20,,,,,5.0,,,,,,44600,0.1297,12.97,
1,48 Forty Solutions,Active,,Other,Wood Pallet Manufacturer,Manufacturing,Adams,5/21/20,,,,,6.0,,,,,,55000,0.4045,40.45,
2,"701 E 5th St. Rifle, CO Construction Site",Active,,Other,Construction Site,Construction,Garfield,6/22/20,,,,,6.0,,,,,,44600,0.2875,28.749999999999996,
3,995 Regent Drive,Resolved,5/22/20,Other,Construction site,Construction,Boulder,4/24/20,,,,,4.0,,,,,,44600,0.1391,13.91,
4,ABC Child Development Center,Active,,Child care center,,Education/Health Services,Weld,6/29/20,,,,,1.0,,,1.0,,,45600,0.2965,29.65,
5,ABM - Facility Services,Resolved,6/23/20,Other,Maintenance Services,Prof Serv and Mgmt,Arapahoe,5/29/20,,,,,11.0,,,,,,75600,0.1949,19.49,
6,Abundant Blessings & Care Assisted Living-Lincoln (23T700),Resolved,4/30/20,"Healthcare, assisted living residence",,Education/Health Services,Arapahoe,4/3/20,2.0,,1.0,,2.0,,,,,,45600,0.1949,19.49,
7,Abundant Blessings and Care Asst Lvg - Geddes Ave (23O624),Resolved,5/14/20,"Healthcare, assisted living residence",,Education/Health Services,Arapahoe,4/30/20,3.0,2.0,1.0,1.0,2.0,,,,,,45600,0.1949,19.49,
8,Accel at Golden Ridge (02V720),Resolved,6/16/20,"Healthcare, skilled nursing facility",,Education/Health Services,Jefferson,4/17/20,11.0,13.0,6.0,,1.0,4.0,,,,,45600,0.1549,15.49,5.0
9,Adams Transitional Center,Resolved,6/12/20,Prison/jail,Correctional facility,Government,Adams,4/28/20,6.0,1.0,,,4.0,,,,,,58100,0.4045,40.45,
10,Administrative Office-Pueblo Police Department,Active,,Office/indoor workspace,,Prof Serv and Mgmt,Pueblo,6/29/20,,,,,3.0,4.0,,,,,75600,0.43090000000000006,43.09,7.0
11,Adolescent Gathering in Telluride ,Active,,Other,Gathering,Agg/Fish/Forestry/Hunting,San Miguel,6/22/20,,,,,,,,2.0,,,32900,0.1069,10.69,
12,Advance Auto Parts,Active,,Other,Retail,Wholesale/Retail,El Paso,6/12/20,,,,,2.0,,,,,,35500,0.1746,17.46,
13,Advanced Health Care of Aurora (02D982),Resolved,6/3/20,"Healthcare, skilled nursing facility",,Education/Health Services,Arapahoe,4/28/20,4.0,5.0,,,6.0,2.0,,,,,45600,0.1949,19.49,8.0
14,Advantage Treatment Center,Active,,Prison/jail,Community Corrections,Government,Alamosa,6/17/20,17.0,7.0,,,10.0,5.0,,,,,58100,0.4581,45.81,15.0
15,Aguirre Law Group,Resolved,6/22/20,Office/indoor workspace,,Prof Serv and Mgmt,Adams,6/3/20,,,,,5.0,,,,,,75600,0.4045,40.45,
16,Allison Care Center (020406),Active,,"Healthcare, skilled nursing facility",,Education/Health Services,Jefferson,4/17/20,36.0,9.0,8.0,3.0,10.0,3.0,,,,,45600,0.1549,15.49,13.0
17,Alpha Insulation and Waterproofing,Resolved,6/22/20,Other,Industry,Manufacturing,Denver,5/1/20,,,,,15.0,,,,,,55000,0.2967,29.67,
18,Alpine Waste and Recycling (GFL Environmental),Resolved,7/7/20,Other,Waste management,Prof Serv and Mgmt,Adams,6/5/20,,,,,4.0,,,,,,75600,0.4045,40.45,
19,Amazon Den 5,Active,,Other,Distribution,Transp/Warehouse,Adams,5/27/20,,,,,6.0,,,,,,49300,0.4045,40.45,
20,Amberwood Court Rehabilitation and Care Community (020460),Resolved,5/23/20,"Healthcare, skilled nursing facility",,Education/Health Services,Denver,3/28/20,17.0,9.0,9.0,6.0,9.0,7.0,,,,,45600,0.2967,29.67,16.0
21,Anheuser Busch,Resolved,7/7/20,Other,Manufacturing,Manufacturing,Larimer,5/18/20,,,,,4.0,7.0,,,,,55000,0.1166,11.66,11.0
22,Anheuser-Busch,Resolved,6/3/20,Other,Distribution Center,Transp/Warehouse,Adams,5/7/20,,,,,5.0,12.0,,,,,49300,0.4045,40.45,17.0
23,Apple Tree Assisted Living (2305I0),Active,6/25/20,"Healthcare, assisted living residence",,Education/Health Services,El Paso,4/17/20,2.0,,,,1.0,2.0,,,,,45600,0.1746,17.46,3.0
24,Applewood Living Center (20375),Resolved,7/2/20,"Healthcare, skilled nursing facility",,Education/Health Services,Boulder,5/25/20,4.0,1.0,,,1.0,,,,,,45600,0.1391,13.91,
25,Arapahoe Community Treatment Center,Resolved,6/5/20,Prison/jail,,Government,Arapahoe,4/21/20,5.0,4.0,,,1.0,1.0,,,,,58100,0.1949,19.49,2.0
26,Arbors of San Marino (2304MO),Resolved,5/19/20,"Healthcare, combined care",,Education/Health Services,Adams,4/30/20,5.0,,4.0,,1.0,,,,,,45600,0.4045,40.45,
27,Arby's,Resolved,6/9/20,Restaurant  fast food,,Hospitality,Arapahoe,5/15/20,,,,,2.0,,,,,,26600,0.1949,19.49,
28,Arc Thrift Store,Resolved,6/10/20,Other,Retail,Wholesale/Retail,Arapahoe,5/19/20,,,,,2.0,,,,,,35500,0.1949,19.49,
29,"Argyle, The (230464)",Resolved,5/28/20,"Healthcare, assisted living residence",,Education/Health Services,Denver,4/15/20,2.0,,,,1.0,8.0,,,,,45600,0.2967,29.67,9.0
30,Arps LLC/Creede Hotel & Restaurant,Active,,Hotel/lodge/resort,,Hospitality,Mineral,7/6/20,,,,,2.0,,,,,,26600,0.0644,6.4399999999999995,
31,Ash House (05K174),Resolved,6/8/20,Healthcare other,Residential Care Facility,Education/Health Services,Arapahoe,4/28/20,3.0,,,,,,,,,,45600,0.1949,19.49,
32,Aspen Living Center (020586),Resolved,5/27/20,"Healthcare, skilled nursing facility",,Education/Health Services,El Paso,4/5/20,2.0,2.0,,,,4.0,,,,,45600,0.1746,17.46,
33,Aspen Trail Construction Site,Active,,Other,Construction site,Construction,El Paso,5/28/20,,,,,2.0,5.0,,,,,44600,0.1746,17.46,7.0
34,Aspire Behavioral Health,Resolved,6/12/20,"Healthcare, outpatient",,Education/Health Services,El Paso,5/18/20,,,,,3.0,,,,,,45600,0.1746,17.46,
35,Assured Assisted Living 9 (23V725),Resolved,5/19/20,"Healthcare, assisted living residence",,Education/Health Services,Arapahoe,5/5/20,3.0,,,,4.0,,,,,,45600,0.1949,19.49,
36,Aurora Evergreen Assisted Living LLC (23U630),Resolved,6/4/20,"Healthcare, assisted living residence",,Education/Health Services,Arapahoe,4/28/20,3.0,,,,,,,,,,45600,0.1949,19.49,
37,Aurora ICE Processing Center,Active,,Prison/jail,,Government,Adams,5/30/20,15.0,,,,3.0,1.0,,,,,58100,0.4045,40.45,4.0
38,Aurora Makarios Assisted Living (23W788),Resolved,5/4/20,"Healthcare, assisted living residence",,Education/Health Services,Arapahoe,4/3/20,6.0,,1.0,,,1.0,,,,,45600,0.1949,19.49,
39,Aurora Organic Dairy - Platteville,Resolved,5/12/20,Farm/dairy,Dairy Plant,Manufacturing,Weld,4/1/20,,,,,7.0,,1.0,,,,55000,0.2965,29.65,
40,Autumn Heights Health Care Center (020405),Active,,"Healthcare, skilled nursing facility",,Education/Health Services,Denver,5/20/20,26.0,4.0,5.0,,14.0,,,,,,45600,0.2967,29.67,
41,Avamere Transitional Care and Rehab-Malley (020432),Active,,"Healthcare, skilled nursing facility",,Education/Health Services,Adams,5/5/20,15.0,5.0,2.0,,20.0,3.0,,,,,45600,0.4045,40.45,23.0
42,Avamere Transitional Care and Rehabilitation (020399),Resolved,5/7/20,"Healthcare, skilled nursing facility",,Education/Health Services,Adams,4/3/20,2.0,,,,,,,,,,45600,0.4045,40.45,
43,Aviva at Fitzsimons (02S294),Resolved,6/30/20,"Healthcare, skilled nursing facility",,Education/Health Services,Adams,5/4/20,4.0,,,,6.0,1.0,,,,,45600,0.4045,40.45,7.0
44,Balfour Retirement Community (02033Y),Resolved,6/22/20,"Healthcare, combined care",,Education/Health Services,Boulder,4/9/20,5.0,7.0,3.0,2.0,7.0,11.0,,,,,45600,0.1391,13.91,18.0
45,Bank of the West,Resolved,7/1/20,Office/indoor workspace,,Prof Serv and Mgmt,Adams,6/5/20,,,,,2.0,1.0,,,,,75600,0.4045,40.45,3.0
46,Bella's Beauty Salon,Active,,Other,Beauty Salon,Hospitality,El Paso,6/25/20,,,,,2.0,,,,,,26600,0.1746,17.46,
47,Belleview Heights Alzheimer's Special Care Center (23R712),Resolved,6/11/20,"Healthcare, assisted living residence",,Education/Health Services,Arapahoe,4/14/20,24.0,1.0,9.0,1.0,12.0,,,,,,45600,0.1949,19.49,
48,Belleview Suites at DTC Assisted Living & Memory C (2304VK),Active,,"Healthcare, assisted living residence",,Education/Health Services,Denver,5/22/20,6.0,,1.0,,11.0,,,,,,45600,0.2967,29.67,
49,"Bennett, Adams Pioneer Solar Farm",Active,,Other,Construction Site,Construction,Adams,6/25/20,,,,,5.0,2.0,,,,,44600,0.4045,40.45,7.0
50,Berkley Manor Care Center (020419),Active,,"Healthcare, skilled nursing facility",,Education/Health Services,Denver,4/2/20,27.0,6.0,6.0,2.0,15.0,2.0,,,,,45600,0.2967,29.67,17.0
51,Bespoke Uptown Project,Active,,Other,Construction Site,Construction,Denver,5/20/20,,,,,10.0,,,,,,44600,0.2967,29.67,
52,Bethesda - Delaware ICF,Resolved,6/9/20,Independent Living Facility,,Education/Health Services,Arapahoe,5/20/20,3.0,1.0,,,7.0,1.0,,,,,45600,0.1949,19.49,8.0
53,Bethesda Lutheran Communities Logan Home,Resolved,5/5/20,Group home,,Education/Health Services,Arapahoe,4/3/20,2.0,,,,1.0,,,,,,45600,0.1949,19.49,
54,Blanca Potato Factory,Active,,Other,Potato Warehouse,Transp/Warehouse,Costilla,6/15/20,,,,,3.0,,,,,,49300,0.6027,60.27,
55,Bonaventure Of Castle Rock (23U333),Resolved,5/20/20,"Healthcare, assisted living residence",,Education/Health Services,Douglas,4/14/20,9.0,3.0,1.0,,5.0,,,,,,45600,0.0897,8.97,
56,Bottling Group,Resolved,6/3/20,Other,Beverage Bottling Plant,Manufacturing,Denver,5/14/20,,,,,7.0,15.0,1.0,,,,55000,0.2967,29.67,22.0
57,Boulder Country Club,Active,,Restaurant sit down,,Hospitality,Boulder,6/28/20,,,,,5.0,,,,,,26600,0.1391,13.91,
58,Boulder Manor (020339),Resolved,7/2/20,"Healthcare, skilled nursing facility",,Education/Health Services,Boulder,4/1/20,21.0,18.0,7.0,,17.0,17.0,,,,,45600,0.1391,13.91,34.0
59,Briarwood Health Care Center (020470),Resolved,,"Healthcare, skilled nursing facility",,Education/Health Services,Denver,4/21/20,14.0,6.0,4.0,3.0,13.0,13.0,,,,,45600,0.2967,29.67,26.0
60,Bridge Assisted Lvg at Life Care Ctr-Longmont (2303KO),Resolved,5/12/20,"Healthcare, assisted living residence",,Education/Health Services,Boulder,4/3/20,15.0,7.0,8.0,1.0,7.0,6.0,,,,,45600,0.1391,13.91,13.0
61,Bridge Tournament,Resolved,4/14/20,Other,Bridge Tournament ,Prof Serv and Mgmt,El Paso,3/14/20,,,,,,,,10.0,14.0,4.0,75600,0.1746,17.46,
62,Brookdale - Tamarac Square,Resolved,5/14/20,Independent Living Facility,,Education/Health Services,Denver,4/3/20,4.0,,2.0,,1.0,,,,,,45600,0.2967,29.67,
63,Brookdale El Camino (2306MT),Resolved,5/27/20,"Healthcare, assisted living residence",,Education/Health Services,Pueblo,4/9/20,15.0,,5.0,,9.0,7.0,,,,,45600,0.43090000000000006,43.09,16.0
64,Brookdale Greenwood Village (0204W6),Active,,"Healthcare, combined care",,Education/Health Services,Arapahoe,4/14/20,6.0,11.0,2.0,3.0,14.0,6.0,,,,,45600,0.1949,19.49,20.0
65,Brookdale Lowry (2304K7),Resolved,6/8/20,"Healthcare, assisted living residence",,Education/Health Services,Denver,4/8/20,10.0,3.0,4.0,,5.0,18.0,,,,,45600,0.2967,29.67,23.0
66,Brookdale Meridian Englewood (020409),Active,,"Healthcare, assisted living residence",,Education/Health Services,Arapahoe,4/5/20,17.0,1.0,10.0,,17.0,1.0,,,,,45600,0.1949,19.49,18.0
67,Brookdale Parkplace (2304A2),Resolved,6/2/20,"Healthcare, assisted living residence",,Education/Health Services,Denver,4/17/20,6.0,1.0,4.0,1.0,8.0,3.0,,,,,45600,0.2967,29.67,11.0
68,Brookdale Pinehurst Park (2304CA),Resolved,6/9/20,"Healthcare, assisted living residence",,Education/Health Services,Denver,5/8/20,24.0,1.0,5.0,,10.0,2.0,,,,,45600,0.2967,29.67,12.0
69,Brookdale University Park (230490),Resolved,6/21/20,"Healthcare, assisted living residence",,Education/Health Services,Denver,4/8/20,5.0,4.0,3.0,1.0,2.0,9.0,,,,,45600,0.2967,29.67,11.0
70,Brookshire House Rehabilitation and Care Community (020403),Active,,"Healthcare, skilled nursing facility",,Education/Health Services,Denver,4/15/20,7.0,7.0,2.0,6.0,20.0,9.0,,,,,45600,0.2967,29.67,29.0
71,Brookside Assisted Living (230514),Active,,"Healthcare, assisted living residence",,Education/Health Services,El Paso,6/29/20,9.0,,,,4.0,2.0,,,,,45600,0.1746,17.46,6.0
72,Broomfield Skilled Nursing and Rehabilitation Ctr (02R989),Active,,"Healthcare, skilled nursing facility",,Education/Health Services,Broomfield,4/24/20,48.0,2.0,15.0,,25.0,7.0,,,,,45600,0.126,12.6,32.0
73,Brown Dog Pizza,Resolved,5/21/20,Restaurant sit down,,Hospitality,San Miguel,4/21/20,,,,,4.0,,,,,,26600,0.1069,10.69,
74,Brush Meat Processors,Resolved,6/26/20,Other,Meat Processing,Manufacturing,Morgan,5/29/20,,,,,5.0,,,,,,55000,0.3632,36.32,
75,Burris Optics,Active,,Other,Manufacturing/Retail,Manufacturing,Weld,6/25/20,,,,,3.0,,,,,,55000,0.2965,29.65,
76,Cam Solar,Resolved,6/25/20,Other,Electrical Contractor,Prof Serv and Mgmt,Denver,6/17/20,,,,,3.0,,,,,,75600,0.2967,29.67,
77,Cambridge Care Center (020441),Active,,"Healthcare, skilled nursing facility",,Education/Health Services,Jefferson,4/11/20,9.0,2.0,2.0,2.0,8.0,2.0,,,,,45600,0.1549,15.49,10.0
78,Canon Lodge Care Center (020676),Resolved,5/20/20,"Healthcare, combined care",,Education/Health Services,Fremont,4/7/20,2.0,2.0,,,,3.0,,,,,45600,0.1354,13.54,
79,Canterbury Apartments (Continuum of Colorado),Resolved,5/19/20,Other,Personal Care Alternative (PCA) staffed apartment,Education/Health Services,Arapahoe,4/16/20,2.0,,,,1.0,,,,,,45600,0.1949,19.49,
80,Cargill Meat Solutions,Active,,Other,Meat Packing Plant,Manufacturing,Morgan,4/3/20,,,,,102.0,6.0,4.0,,,,55000,0.3632,36.32,108.0
81,"Carillon at Belleview Station, The (23N139)",Resolved,,"Healthcare, combined care",,Education/Health Services,Denver,4/10/20,17.0,,9.0,,13.0,4.0,,,,,45600,0.2967,29.67,17.0
82,Carniceria Leonela,Active,,Grocery store,,Wholesale/Retail,El Paso,5/28/20,,,,,6.0,3.0,,,,,35500,0.1746,17.46,9.0
83,Carniceria Sonora,Resolved,6/4/20,Grocery store,,Wholesale/Retail,Montrose,5/7/20,,,,,7.0,,,,,,35500,0.2071,20.71,
84,Casey's Pond Senior Living LTC (020803),Resolved,6/11/20,"Healthcare, assisted living residence",,Education/Health Services,Routt,3/29/20,11.0,2.0,5.0,1.0,12.0,2.0,,,,,45600,0.0703,7.03,14.0
85,Castle Academy,Resolved,6/12/20,Child care center,,Education/Health Services,Douglas,5/13/20,,,,,2.0,,,,,,45600,0.0897,8.97,
86,Castle Peak Senior Life and Rehabilitation (02X369),Resolved,6/8/20,"Healthcare, combined care",,Education/Health Services,Eagle,5/8/20,4.0,,1.0,,3.0,,,,,,45600,0.2982,29.82,
87,Castle Rock Care Center (020591),Resolved,6/25/20,"Healthcare, skilled nursing facility",,Education/Health Services,Douglas,4/22/20,7.0,3.0,2.0,,7.0,1.0,,,,,45600,0.0897,8.97,8.0
88,Centennial Health Care Center (020317): June 2020,Active,,"Healthcare, skilled nursing facility",,Education/Health Services,Weld,7/2/20,8.0,,,,6.0,1.0,,,,,45600,0.2965,29.65,7.0
89,Centennial Health Care Center (020317): March 2020,Resolved,6/1/20,"Healthcare, skilled nursing facility",,Education/Health Services,Weld,3/27/20,41.0,5.0,20.0,2.0,25.0,17.0,,,,,45600,0.2965,29.65,42.0
90,"Center At Centerplace LLC, The (02Z779)",Resolved,6/1/20,"Healthcare, skilled nursing facility",,Education/Health Services,Weld,4/5/20,11.0,,4.0,,9.0,14.0,,,,,45600,0.2965,29.65,23.0
91,"Center at Lowry, LLC (02G500)",Resolved,6/16/20,"Healthcare, skilled nursing facility",,Education/Health Services,Denver,4/6/20,6.0,4.0,1.0,,8.0,7.0,,,,,45600,0.2967,29.67,15.0
92,Center at Rock Creek LLC (02S685),Resolved,6/2/20,"Healthcare, skilled nursing facility",,Education/Health Services,Larimer,4/30/20,13.0,1.0,1.0,,5.0,4.0,,,,,45600,0.1166,11.66,9.0
93,Chateau Des Mons Care and Assisted Living (230411),Active,,"Healthcare, assisted living residence",,Education/Health Services,Arapahoe,6/10/20,5.0,2.0,,,6.0,,,,,,45600,0.1949,19.49,
94,Cherrelyn Healthcare Center (020428),Resolved,6/18/20,"Healthcare, skilled nursing facility",,Education/Health Services,Arapahoe,4/6/20,26.0,13.0,3.0,6.0,18.0,3.0,,,,,45600,0.1949,19.49,21.0
95,Cherry Creek Nursing Center (020408),Active,,"Healthcare, skilled nursing facility",,Education/Health Services,Arapahoe,4/3/20,74.0,20.0,27.0,6.0,47.0,18.0,1.0,,,,45600,0.1949,19.49,65.0
96,Cheyenne Mountain Center (020573),Resolved,6/22/20,"Healthcare, skilled nursing facility",,Education/Health Services,El Paso,5/21/20,2.0,,,,,,,,,,45600,0.1746,17.46,
97,Chick-Fil-A,Active,,Restaurant  fast food,,Hospitality,Arapahoe,6/2/20,,,,,5.0,4.0,,,,,26600,0.1949,19.49,9.0
98,Chick-Fil-A,Resolved,6/23/20,Restaurant  fast food,,Hospitality,Larimer,5/15/20,,,,,9.0,5.0,,,,,26600,0.1166,11.66,14.0
99,Chick-fil-A,Resolved,6/29/20,Restaurant  fast food,,Hospitality,Adams,5/12/20,,,,,2.0,3.0,,,,,26600,0.4045,40.45,5.0
100,Chick-fil-A #1110,Active,,Restaurant  fast food,,Hospitality,Jefferson,6/17/20,,,,,2.0,1.0,,,,,26600,0.1549,15.49,3.0
101,Circle Graphics,Active,,Office/indoor workspace,,Prof Serv and Mgmt,Boulder,5/11/20,,,,,10.0,,,,,,75600,0.1391,13.91,
102,City Market,Resolved,6/9/20,Grocery store,,Wholesale/Retail,Summit,4/28/20,,,,,14.0,5.0,,,,,35500,0.1458,14.580000000000002,19.0
103,City Market Store #433 - El Jebel,Active,,Grocery store,,Wholesale/Retail,Eagle,6/8/20,,,,,6.0,6.0,,,,,35500,0.2982,29.82,12.0
104,City Market Store #434 - Eagle,Active,,Grocery store,,Wholesale/Retail,Eagle,6/8/20,,,,,4.0,,,,,,35500,0.2982,29.82,
105,Clear Creek Care Center (020401),Resolved,6/5/20,"Healthcare, skilled nursing facility",,Education/Health Services,Adams,4/8/20,22.0,1.0,9.0,,16.0,9.0,,,,,45600,0.4045,40.45,25.0
106,Clermont Park Assisted Living (230463),Resolved,5/27/20,"Healthcare, skilled nursing facility",,Education/Health Services,Denver,4/17/20,10.0,3.0,2.0,,5.0,5.0,,,,,45600,0.2967,29.67,10.0
107,Closet Factory,Resolved,7/1/20,Other,Factory/Warehouse,Transp/Warehouse,Douglas,6/16/20,,,,,6.0,,,,,,49300,0.0897,8.97,
108,Co Premium,Resolved,6/4/20,Other,Meat Packing Plant,Manufacturing,Denver,4/24/20,,,,,9.0,6.0,,,,,55000,0.2967,29.67,15.0
109,Coliseum Women's Auxiliary Shelter,Active,,Other,Congregate shelter,Education/Health Services,Denver,5/19/20,3.0,3.0,,,1.0,,,,,,45600,0.2967,29.67,
110,Colorado Counter Tops,Resolved,6/30/20,Other,Manufacturing ,Manufacturing,Arapahoe,6/13/20,,,,,3.0,2.0,1.0,,,,55000,0.1949,19.49,5.0
111,Colorado Mushroom Farm,Active,,Farm/dairy,,Agg/Fish/Forestry/Hunting,Alamosa,5/6/20,,,,,16.0,2.0,,,,,32900,0.4581,45.81,18.0
112,Colorado OBGYN Partners dba The Women's Health Group,Active,,Healthcare other,OBGYN Clinic,Education/Health Services,Adams,7/7/20,,,,,6.0,,,,,,45600,0.4045,40.45,
113,Colorado Pac Co,Active,,Other,Produce Wholesale Warehouse,Wholesale/Retail,Denver,7/7/20,,,,,6.0,,,,,,35500,0.2967,29.67,
114,"Colorado Springs Senior Homes, Inc (230518)",Resolved,5/13/20,"Healthcare, assisted living residence",,Education/Health Services,El Paso,4/16/20,2.0,,1.0,,1.0,1.0,,,,,45600,0.1746,17.46,2.0
115,Colorado State Veterans Home at Fitzsimons (02R932),Active,,"Healthcare, skilled nursing facility",,Education/Health Services,Adams,4/29/20,61.0,7.0,24.0,1.0,20.0,10.0,,,,,45600,0.4045,40.45,30.0
116,Colorow Health Care LLC (021154),Active,,"Healthcare, skilled nursing facility",,Education/Health Services,Montrose,4/6/20,10.0,3.0,3.0,,10.0,23.0,,,,,45600,0.2071,20.71,33.0
117,Columbine Chateau Assisted Living (23D501),Resolved,6/26/20,"Healthcare, assisted living residence",,Education/Health Services,Pueblo,5/16/20,16.0,2.0,3.0,1.0,5.0,1.0,,,,,45600,0.43090000000000006,43.09,6.0
118,Columbine Commons Health and Rehab LLC (02L578),Resolved,5/20/20,"Healthcare, skilled nursing facility",,Education/Health Services,Weld,4/13/20,5.0,3.0,,,4.0,7.0,,,,,45600,0.2965,29.65,11.0
119,Columbine Manor Care Center (020698),Resolved,5/29/20,"Healthcare, skilled nursing facility",,Education/Health Services,Chaffee,4/11/20,37.0,7.0,12.0,2.0,10.0,5.0,,,,,45600,0.1013,10.13,15.0
120,Commerce Transitional Center,Resolved,6/12/20,Prison/jail,,Government,Adams,5/11/20,3.0,,,,1.0,,,,,,58100,0.4045,40.45,
121,Core-Mark International Inc.,Resolved,7/7/20,Other,Distribution/Marketing Service,Prof Serv and Mgmt,Adams,6/13/20,,,,,11.0,,,,,,75600,0.4045,40.45,
122,"Cornerstone Production Company, Inc",Resolved,6/29/20,Other,Agriculture,Agg/Fish/Forestry/Hunting,Yuma,6/11/20,,,,,3.0,,,,,,32900,0.2391,23.91,
123,Costco Wholesale ,Resolved,6/16/20,Grocery store,,Wholesale/Retail,Arapahoe,5/7/20,,,,,7.0,4.0,,,,,35500,0.1949,19.49,11.0
124,Courtyards at Mountain View,Resolved,6/2/20,Independent Living Facility,,Education/Health Services,Denver,3/30/20,7.0,,1.0,,4.0,,,,,,45600,0.2967,29.67,
125,Crossroads Treatment Centers of Denver,Active,,"Healthcare, outpatient",Opioid Treatment Facility,Education/Health Services,Denver,5/19/20,,,,,2.0,,,,,,45600,0.2967,29.67,
126,Crowley County Correctional Facility,Active,,Prison/jail,,Government,Clear Creek,5/2/20,66.0,,,,4.0,,,,,,58100,0.0737,7.37,
127,Culinaire Foods,Resolved,5/27/20,Other,Frozen food manufacturing,Manufacturing,Denver,5/6/20,,,,,14.0,,,,,,55000,0.2967,29.67,
128,Culver's,Resolved,,Restaurant  fast food,,Hospitality,Weld,5/21/20,,,,,4.0,,,,,,26600,0.2965,29.65,
129,Custom Made Meals,Resolved,6/29/20,Other,Food Manufacturer,Manufacturing,Adams,4/27/20,,,,,24.0,3.0,,,,,55000,0.4045,40.45,27.0
130,Dayspring Villa (2304IX),Resolved,5/14/20,"Healthcare, assisted living residence",,Education/Health Services,Denver,4/10/20,3.0,7.0,,,1.0,2.0,,,,,45600,0.2967,29.67,3.0
131,Del Monte,Resolved,6/26/20,Other,Food Manufacturing,Manufacturing,Adams,5/7/20,,,,,33.0,13.0,,,,,55000,0.4045,40.45,46.0
132,Denver County Jail,Active,,Prison/jail,,Government,Denver,5/12/20,28.0,43.0,,,3.0,,,,,,58100,0.2967,29.67,
133,Denver Mattress Co,Active,,Other,Store,Wholesale/Retail,Denver,6/26/20,,,,,6.0,1.0,,,,,35500,0.2967,29.67,7.0
134,Denver North Care Center (020444),Resolved,7/4/20,"Healthcare, skilled nursing facility",,Education/Health Services,Denver,4/4/20,31.0,3.0,9.0,2.0,17.0,7.0,,,,,45600,0.2967,29.67,24.0
135,Denver Reception and Diagnostic Center,Resolved,6/10/20,Prison/jail,,Government,Clear Creek,5/14/20,2.0,,,,1.0,,,,,,58100,0.0737,7.37,
136,Denver Rescue Mission - National Western Complex,Active,,Other,Shelter,Education/Health Services,Denver,5/1/20,,,,,19.0,15.0,,,,,45600,0.2967,29.67,34.0
137,Diaz Tile,Resolved,6/24/20,Other,Tile Company; Industry,Wholesale/Retail,Montrose,6/1/20,,,,,6.0,,,,,,35500,0.2071,20.71,
138,Douglas County Jail,Resolved,6/10/20,Prison/jail,,Government,Douglas,4/28/20,10.0,2.0,,,,,,,,,58100,0.0897,8.97,
139,Douglas County Parks and Trails Division,Active,,Office/indoor workspace,,Prof Serv and Mgmt,Douglas,7/7/20,,,,,4.0,,,,,,75600,0.0897,8.97,
140,Downstairs at Eric's,Resolved,6/23/20,Restaurant sit down,,Hospitality,Summit,5/25/20,,,,,5.0,,,,,,26600,0.1458,14.580000000000002,
141,DPI Speciality Foods,Active,,Other,Food distributor,Transp/Warehouse,Adams,5/7/20,,,,,8.0,7.0,2.0,,,,49300,0.4045,40.45,15.0
142,Eagle Lake Overnight Camp,Active,,Camp,,Hospitality,El Paso,6/18/20,,,,,12.0,12.0,,,,,26600,0.1746,17.46,24.0
143,"Earth Tech West II, Ltd",Active,,Office/indoor workspace,,Prof Serv and Mgmt,San Miguel,6/24/20,,,,,9.0,7.0,,,,,75600,0.1069,10.69,16.0
144,Eastern Colorado Services for Developmentally Disabled (ECS),Active,,Group home,,Education/Health Services,Logan,5/21/20,3.0,,,,5.0,1.0,,,,,45600,0.1634,16.34,6.0
145,Eben Ezer Lutheran Care Center (020170),Resolved,6/5/20,"Healthcare, combined care",,Education/Health Services,Morgan,4/8/20,57.0,4.0,18.0,4.0,36.0,1.0,,1.0,,,45600,0.3632,36.32,37.0
146,Ellin Mrachek House (05B951),Resolved,5/7/20,Healthcare other,Adult group home,Education/Health Services,Adams,4/22/20,2.0,,1.0,,,,,,,,45600,0.4045,40.45,
147,EMF (Electronics Metal Finishing) Corporation,Resolved,6/21/20,Other,Manufacturing,Manufacturing,El Paso,6/2/20,,,,,2.0,,1.0,,,,55000,0.1746,17.46,
148,Empire Meats Denver Processing,Resolved,5/10/20,Other,Meat Processing,Manufacturing,Denver,4/23/20,,,,,20.0,,,,,,55000,0.2967,29.67,
149,Epicurean Butter,Resolved,7/1/20,Other,Food Manufacturing,Manufacturing,Adams,5/12/20,,,,,4.0,5.0,,,,,55000,0.4045,40.45,9.0
150,Evergreen Assisted Living (230109),Resolved,6/24/20,"Healthcare, assisted living residence",,Education/Health Services,Morgan,5/15/20,12.0,,1.0,,9.0,,,,,,45600,0.3632,36.32,
151,Exceptional Stays Cleaning Company,Active,,Other,Cleaning Company,Prof Serv and Mgmt,San Miguel,6/23/20,,,,,3.0,,,,,,75600,0.1069,10.69,
152,"Fairacres Manor, Inc. (020369)",Resolved,5/18/20,"Healthcare, skilled nursing facility",,Education/Health Services,Weld,3/24/20,16.0,24.0,8.0,5.0,31.0,15.0,,,,,45600,0.2965,29.65,46.0
153,Family Assisted Living (23J545),Resolved,6/16/20,"Healthcare, assisted living residence",,Education/Health Services,Jefferson,5/14/20,6.0,,1.0,,2.0,,,,,,45600,0.1549,15.49,
154,Federal Correctional Institution Englewood,Active,,Prison/jail,,Government,Clear Creek,6/4/20,5.0,,,,,,,,,,58100,0.0737,7.37,
155,Fedex Ground Henderson,Active,,Other,Warehouse Distribution,Transp/Warehouse,Adams,6/5/20,,,,,13.0,9.0,,,,,49300,0.4045,40.45,22.0
156,Five Star Residences of Dayton Place (2304D3),Active,,"Healthcare, assisted living residence",,Education/Health Services,Arapahoe,5/20/20,14.0,,2.0,,7.0,3.0,,,,,45600,0.1949,19.49,10.0
157,Food King ,Resolved,6/16/20,Grocery store,,Wholesale/Retail,Weld,5/27/20,,,,,11.0,3.0,,,,,35500,0.2965,29.65,14.0
158,Forest Street Compassionate Care Center (02H516),Active,,"Healthcare, skilled nursing facility",,Education/Health Services,Denver,4/18/20,34.0,2.0,9.0,1.0,18.0,1.0,,,,,45600,0.2967,29.67,19.0
159,Frasier Meadows,Resolved,6/19/20,Independent Living Facility,,Education/Health Services,Boulder,4/1/20,3.0,,,,3.0,5.0,,,,,45600,0.1391,13.91,8.0
160,Friday Health Plans,Active,,Office/indoor workspace,,Prof Serv and Mgmt,Alamosa,6/10/20,,,,,12.0,2.0,,,,,75600,0.4581,45.81,14.0
161,Fuzzy's Taco Shop,Active,,Restaurant sit down,,Hospitality,El Paso,6/21/20,,,,,3.0,,,,,,26600,0.1746,17.46,
162,Garcia Fence and Supply,Active,,Other,Fencing company,Prof Serv and Mgmt,El Paso,5/25/20,,,,,4.0,1.0,,,,,75600,0.1746,17.46,5.0
163,Garden Terrace Alzheimer's Center of Excellence (020469),Resolved,6/19/20,"Healthcare, skilled nursing facility",,Education/Health Services,Arapahoe,4/22/20,42.0,5.0,9.0,1.0,17.0,4.0,,,,,45600,0.1949,19.49,21.0
164,Genesis Hospitality Corporation,Active,,Office/indoor workspace,,Prof Serv and Mgmt,Larimer,6/23/20,,,,,2.0,1.0,,,,,75600,0.1166,11.66,3.0
165,"Go Right PPL, Inc",Resolved,6/26/20,Other,Factory,Manufacturing,Arapahoe,5/15/20,,,,,26.0,,1.0,,,,55000,0.1949,19.49,
166,Good Samaritan Society - Bonell Community (020356),Resolved,6/30/20,"Healthcare, combined care",,Education/Health Services,Weld,4/12/20,23.0,10.0,8.0,,12.0,15.0,,,,,45600,0.2965,29.65,27.0
167,Goodwill,Resolved,6/16/20,Other,Thrift store,Wholesale/Retail,El Paso,5/17/20,,,,,4.0,4.0,,,,,35500,0.1746,17.46,8.0
168,Grace Manor Care Center (020175),Resolved,6/8/20,"Healthcare, skilled nursing facility",,Education/Health Services,Kit Carson,4/15/20,8.0,2.0,2.0,1.0,6.0,3.0,,,,,45600,0.18989999999999999,18.99,9.0
169,"Grace Pointe Cont Care Sr Campus, Skilled Nursing (02D975)",Resolved,6/9/20,"Healthcare, skilled nursing facility",,Education/Health Services,Weld,5/12/20,4.0,1.0,1.0,,8.0,,,,,,45600,0.2965,29.65,
170,"Granville Assisted Living Center, The (23045K)",Resolved,6/4/20,"Healthcare, assisted living residence",,Education/Health Services,Jefferson,4/2/20,9.0,8.0,3.0,,3.0,5.0,,,,,45600,0.1549,15.49,8.0
171,Green Chef- Hello Fresh,Active,,Other,Food Packaging Industry,Manufacturing,Arapahoe,5/11/20,,,,,19.0,5.0,1.0,,,,55000,0.1949,19.49,24.0
172,Greenways Landscape Services,Active,,Other,Landscaping,Prof Serv and Mgmt,Adams,7/2/20,,,,,8.0,,,,,,75600,0.4045,40.45,
173,Gunnison Valley Health Senior Care Center (020999),Resolved,6/24/20,"Healthcare, skilled nursing facility",,Education/Health Services,Gunnison,4/15/20,3.0,8.0,1.0,1.0,2.0,33.0,,,,,45600,0.0935,9.35,35.0
174,H Mart Westminster,Resolved,6/16/20,Grocery store,,Wholesale/Retail,Adams,5/14/20,,,,,9.0,,,,,,35500,0.4045,40.45,
175,Hallmark Nursing Center (020453),Active,,"Healthcare, skilled nursing facility",,Education/Health Services,Denver,5/4/20,4.0,12.0,1.0,2.0,3.0,10.0,,,,,45600,0.2967,29.67,13.0
176,Harbor Light,Active,,Group home,Rehab center,Education/Health Services,Denver,5/6/20,20.0,4.0,,,6.0,3.0,,,,,45600,0.2967,29.67,9.0
177,Harmony Pointe Nursing Center (020425),Resolved,6/9/20,"Healthcare, skilled nursing facility",,Education/Health Services,Jefferson,4/20/20,3.0,,1.0,,12.0,,,,,,45600,0.1549,15.49,
178,Harvard Square Retirement Community (230428),Active,,"Healthcare, combined care",,Education/Health Services,Denver,4/12/20,47.0,,16.0,,18.0,13.0,,,,,45600,0.2967,29.67,31.0
179,Harvest Fresh,Active,,Farm/dairy,,Agg/Fish/Forestry/Hunting,Saguache,6/19/20,,,,,3.0,3.0,,,,,32900,0.3591,35.91,6.0
180,Health Center at Franklin Park (020439),Resolved,7/7/20,"Healthcare, skilled nursing facility",,Education/Health Services,Denver,4/7/20,23.0,2.0,6.0,,15.0,13.0,,,,,45600,0.2967,29.67,28.0
181,Hearth Restaurant and Pub,Active,,Restaurant sit down,,Hospitality,Weld,6/29/20,,,,,4.0,2.0,,,,,26600,0.2965,29.65,6.0
182,Hi-Land Potato Inc,Active,,Other,Agricultural and Manufactured food facility,Manufacturing,Rio Grande,5/26/20,,,,,13.0,,,,,,55000,0.43979999999999997,43.98,
183,Highline Place (23L199),Resolved,5/19/20,"Healthcare, assisted living residence",,Education/Health Services,Arapahoe,4/7/20,2.0,1.0,1.0,1.0,4.0,,,,,,45600,0.1949,19.49,
184,Highline Rehabilitation and Care Community (020437),Resolved,5/26/20,Healthcare other,Inpatient rehabilitation,Education/Health Services,Denver,4/1/20,14.0,1.0,9.0,1.0,26.0,3.0,,,,,45600,0.2967,29.67,29.0
185,HighPointe Assisted Living & Memory Care (23M205),Resolved,7/2/20,"Healthcare, assisted living residence",,Education/Health Services,Denver,4/24/20,15.0,3.0,1.0,,5.0,1.0,,,,,45600,0.2967,29.67,6.0
186,Holly Heights Care Center (020412),Active,,"Healthcare, combined care",,Education/Health Services,Denver,4/6/20,43.0,10.0,15.0,4.0,27.0,8.0,,,,,45600,0.2967,29.67,35.0
187,Home Depot,Active,,Other,Home Improvement Retailer,Wholesale/Retail,Arapahoe,5/14/20,,,,,4.0,12.0,,,,,35500,0.1949,19.49,16.0
188,Home Depot,Resolved,7/7/20,Other,Home improvement retailer,Wholesale/Retail,Arapahoe,5/19/20,,,,,2.0,6.0,,,,,35500,0.1949,19.49,8.0
189,Hops N Drops,Active,,Restaurant sit down,,Hospitality,El Paso,6/25/20,,,,,8.0,,,,,,26600,0.1746,17.46,
190,Hospice Del Valle,Active,,Healthcare other,Hospice ,Education/Health Services,Alamosa,6/25/20,,,,,2.0,1.0,,,,,45600,0.4581,45.81,3.0
191,Hospital Cooperative Laundry,Resolved,6/7/20,Other,Laundry Services,Prof Serv and Mgmt,Denver,5/8/20,,,,,13.0,,,,,,75600,0.2967,29.67,
192,Idaho Pacific,Active,,Other,Potato Warehouse,Transp/Warehouse,Rio Grande,5/20/20,,,,,7.0,,,,,,49300,0.43979999999999997,43.98,
193,Independent Financial,Active,,Other,Bank,Financial Activities,Denver,6/29/20,,,,,3.0,,,,,,57300,0.2967,29.67,
194,Inglenook at Brighton (2303GK),Resolved,5/19/20,"Healthcare, assisted living residence",Assisted living and memory care,Education/Health Services,Adams,3/24/20,18.0,2.0,8.0,,5.0,14.0,,,,,45600,0.4045,40.45,19.0
195,Innovative Dental,Active,,Healthcare other,Dental Office,Education/Health Services,Summit,7/2/20,,,,,2.0,,,,,,45600,0.1458,14.580000000000002,
196,Intervention Community Corrections Services - Weld,Resolved,6/2/20,Prison/jail,,Government,Weld,4/17/20,5.0,44.0,,,2.0,16.0,,,1.0,,58100,0.2965,29.65,18.0
197,Iron Mountain Hot Springs,Active,,Other,Hot Spring/Spa,Hospitality,Garfield,6/30/20,,,,,2.0,,,,,,26600,0.2875,28.749999999999996,
198,Irondale Post Acute (020421),Resolved,6/9/20,"Healthcare, skilled nursing facility",,Education/Health Services,Adams,4/9/20,14.0,5.0,3.0,,13.0,6.0,,,,,45600,0.4045,40.45,19.0
199,Izzio Bakery ,Resolved,6/7/20,Other,Bakery ,Hospitality,Boulder,5/6/20,,,,,7.0,1.0,,,,,26600,0.1391,13.91,8.0
200,Jack in the Box,Active,,Restaurant  fast food,,Hospitality,Arapahoe,6/16/20,,,,,4.0,,,,,,26600,0.1949,19.49,
201,JBS Corporate,Resolved,,Office/indoor workspace,,Prof Serv and Mgmt,Weld,5/13/20,,,,,5.0,,1.0,,,,75600,0.2965,29.65,
202,JBS Greeley Plant,Active,,Other,Slaughterhouse/Meat packing plant,Manufacturing,Weld,4/3/20,,,,,286.0,,6.0,,,,55000,0.2965,29.65,
203,JBS Summer Internship Program,Active,,Other,Educational Program,Education/Health Services,Weld,7/3/20,,,,,5.0,,,,,,45600,0.2965,29.65,
204,Jefferson County Detention Facility,Active,,Prison/jail,,Government,Jefferson,5/5/20,53.0,20.0,1.0,,11.0,5.0,,,,,58100,0.1549,15.49,16.0
205,Jewell Care Center of Denver (020416),Active,,"Healthcare, skilled nursing facility",,Education/Health Services,Denver,3/30/20,42.0,8.0,6.0,2.0,14.0,15.0,,,,,45600,0.2967,29.67,29.0
206,Julia Temple Healthcare Center (020418),Resolved,6/30/20,"Healthcare, skilled nursing facility",,Education/Health Services,Arapahoe,4/17/20,12.0,20.0,4.0,14.0,31.0,8.0,2.0,,,,45600,0.1949,19.49,39.0
207,Juniper Village - The Spearly Center (020424),Active,,"Healthcare, skilled nursing facility",,Education/Health Services,Denver,5/5/20,38.0,4.0,9.0,1.0,17.0,,,,,,45600,0.2967,29.67,
208,Juniper Village at Aurora (2304S1),Resolved,6/12/20,"Healthcare, combined care",,Education/Health Services,Arapahoe,4/11/20,38.0,,9.0,,28.0,6.0,,,,,45600,0.1949,19.49,34.0
209,Keesen Landscaping,Resolved,6/12/20,Other,Landscaping,Prof Serv and Mgmt,Arapahoe,5/15/20,,,,,12.0,,2.0,,,,75600,0.1949,19.49,
210,Kenton Manor (020321),Active,,"Healthcare, skilled nursing facility",,Education/Health Services,Weld,4/17/20,25.0,,7.0,,13.0,,,,,,45600,0.2965,29.65,
211,Keystone Achievement,Active,,"Healthcare, outpatient",Behavioral health,Education/Health Services,El Paso,5/18/20,,,,,4.0,,,,,,45600,0.1746,17.46,
212,Kidney Center of Longmont,Active,,"Healthcare, dialysis",,Education/Health Services,Boulder,7/7/20,,,,,2.0,,,,,,45600,0.1391,13.91,
213,King Soopers,Active,,Grocery store,,Wholesale/Retail,Adams,6/2/20,,,,,7.0,15.0,,,,,35500,0.4045,40.45,22.0
214,King Soopers #127,Active,,Grocery store,,Wholesale/Retail,Jefferson,6/15/20,,,,,2.0,,,,,,35500,0.1549,15.49,
215,King Soopers #19,Resolved,,Grocery store,,Wholesale/Retail,Denver,5/28/20,,,,,3.0,,,,,,35500,0.2967,29.67,
216,King Soopers #25,Resolved,6/9/20,Grocery store,,Wholesale/Retail,Jefferson,5/18/20,,,,,4.0,,,,,,35500,0.1549,15.49,
217,King Soopers #29,Resolved,6/25/20,Grocery store,,Wholesale/Retail,Denver,5/12/20,,,,,13.0,,2.0,,,,35500,0.2967,29.67,
218,King Soopers #78,Resolved,6/9/20,Grocery store,,Wholesale/Retail,Jefferson,5/18/20,,,,,4.0,,,,,,35500,0.1549,15.49,
219,King Soopers Bakery,Resolved,5/27/20,Other,Bakery,Hospitality,Denver,4/27/20,,,,,27.0,7.0,1.0,,,,26600,0.2967,29.67,34.0
220,Kip's Grill,Active,,Restaurant sit down,,Hospitality,Mineral,7/2/20,,,,,3.0,5.0,,,,,26600,0.0644,6.4399999999999995,8.0
221,Kit Carson School construction site,Active,6/11/20,Other,construction site,Construction,Cheyenne,5/11/20,,,,,26.0,,,,,,44600,0.1167,11.67,
222,Lake Loveland Dermatology (Ideal Dermatology),Active,,"Healthcare, outpatient",,Education/Health Services,Larimer,6/23/20,,,,,5.0,2.0,,,,,45600,0.1166,11.66,7.0
223,Lakeview Senior Living,Resolved,5/12/20,Independent Living Facility,,Education/Health Services,Jefferson,4/5/20,7.0,,4.0,,5.0,,,,,,45600,0.1549,15.49,
224,Lakewood Reserve (23R738),Resolved,5/19/20,"Healthcare, combined care",,Education/Health Services,Jefferson,4/28/20,2.0,1.0,1.0,,1.0,,,,,,45600,0.1549,15.49,
225,"Laurel Manor Care Center, Inc (020527)",Active,,"Healthcare, skilled nursing facility",,Education/Health Services,El Paso,3/20/20,25.0,15.0,8.0,6.0,17.0,26.0,,,,,45600,0.1746,17.46,43.0
226,Learn Thru Play Children's Kiddieland,Active,,Child care center,,Education/Health Services,Otero,5/28/20,,,,,1.0,,,1.0,,,45600,0.4208,42.08,
227,"Legacy Village of Castle Pines, LLC (23O530)",Active,,"Healthcare, assisted living residence",,Education/Health Services,Douglas,7/7/20,7.0,,,,1.0,,,,,,45600,0.0897,8.97,
228,Lemay Avenue Health & Rehabilitation Facility (020326),Resolved,6/2/20,"Healthcare, skilled nursing facility",,Education/Health Services,Larimer,4/20/20,2.0,8.0,1.0,,1.0,10.0,,,,,45600,0.1166,11.66,11.0
229,Leprino - Denver,Resolved,5/26/20,Other,Environmental Laboratory,Prof Serv and Mgmt,Denver,5/5/20,,,,,5.0,1.0,,,,,75600,0.2967,29.67,6.0
230,Leprino Foods - Fort Morgan,Resolved,6/6/20,Other,Food Manufacturer,Manufacturing,Morgan,4/24/20,,,,,86.0,,1.0,,,,55000,0.3632,36.32,
231,Leprino Foods - Greeley,Resolved,,Other,Food Manufacturer,Manufacturing,Weld,4/24/20,,,,,20.0,1.0,,,,,55000,0.2965,29.65,21.0
232,Libby Bortz Assisted Living Center (2304GF),Resolved,5/14/20,"Healthcare, assisted living residence",,Education/Health Services,Arapahoe,3/23/20,10.0,1.0,6.0,,2.0,3.0,,,,,45600,0.1949,19.49,5.0
233,Life Care Center of Aurora (0204F6),Resolved,6/17/20,"Healthcare, skilled nursing facility",,Education/Health Services,Arapahoe,4/28/20,57.0,5.0,12.0,,16.0,7.0,,,,,45600,0.1949,19.49,23.0
234,Life Care Center of Longmont (020316),Active,,"Healthcare, skilled nursing facility",,Education/Health Services,Boulder,4/7/20,5.0,10.0,1.0,1.0,1.0,12.0,,,,,45600,0.1391,13.91,13.0
235,Lipman Colorado LLC,Resolved,6/30/20,Other,Produce Repack Warehouse/Distribution,Transp/Warehouse,Denver,6/30/20,,,,,4.0,,,,,,49300,0.2967,29.67,
236,Littleton Care and Rehabilitation Center (020462),Resolved,5/8/20,"Healthcare, skilled nursing facility",,Education/Health Services,Arapahoe,4/7/20,5.0,3.0,2.0,2.0,12.0,6.0,,,,,45600,0.1949,19.49,18.0
237,Loveland Steam Laundry,Active,,Other,Steam Laundry,Prof Serv and Mgmt,Larimer,6/12/20,,,,,7.0,1.0,,,,,75600,0.1166,11.66,8.0
238,Lowe's,Resolved,6/9/20,Other,Retail,Wholesale/Retail,Summit,5/16/20,,,,,3.0,,,,,,35500,0.1458,14.580000000000002,
239,Lowry Hills Care and Rehabilitation (020426),Active,,"Healthcare, skilled nursing facility",,Education/Health Services,Arapahoe,4/11/20,8.0,5.0,4.0,,6.0,8.0,,,,,45600,0.1949,19.49,14.0
240,Manorcare Health Services - Denver (020476),Active,,"Healthcare, skilled nursing facility",,Education/Health Services,Denver,4/8/20,42.0,8.0,12.0,2.0,12.0,15.0,,,,,45600,0.2967,29.67,27.0
241,Mapleton Care Center (020411),Resolved,6/19/20,"Healthcare, skilled nursing facility",,Education/Health Services,Jefferson,3/30/20,12.0,5.0,5.0,4.0,9.0,9.0,1.0,,,,45600,0.1549,15.49,18.0
242,Marycrest Assisted Living (2304ST),Active,,"Healthcare, assisted living residence",,Education/Health Services,Denver,5/15/20,2.0,6.0,2.0,,4.0,7.0,,,,,45600,0.2967,29.67,11.0
243,McDonald's,Active,,Restaurant  fast food,,Hospitality,El Paso,5/18/20,,,,,8.0,,,,,,26600,0.1746,17.46,
244,McDonalds,Active,,Restaurant  fast food,,Hospitality,Prowers,6/30/20,,,,,5.0,2.0,,,,,26600,0.3865,38.65,7.0
245,McKesson Medical Supply,Resolved,6/25/20,Office/indoor workspace,,Prof Serv and Mgmt,Denver,5/26/20,,,,,14.0,10.0,,,,,75600,0.2967,29.67,24.0
246,Meadow Hills Makarios Assisted Living (23C491),Resolved,5/15/20,"Healthcare, assisted living residence",,Education/Health Services,Arapahoe,4/20/20,2.0,,,,1.0,,,,,,45600,0.1949,19.49,
247,Medallion Post Acute Rehabilitation (020582),Active,,Healthcare other,Rehab and Senior Living,Education/Health Services,El Paso,7/6/20,2.0,3.0,,,7.0,5.0,,,,,45600,0.1746,17.46,12.0
248,Mesa Vista of Boulder (020380),Resolved,7/7/20,"Healthcare, combined care",,Education/Health Services,Boulder,4/14/20,22.0,9.0,4.0,1.0,16.0,15.0,,,,,45600,0.1391,13.91,31.0
249,Metco Landscape Inc,Active,,Other,Landscaping company,Prof Serv and Mgmt,El Paso,5/21/20,,,,,6.0,3.0,,,,,75600,0.1746,17.46,9.0
250,Mezzaluna Aspen,Active,,Restaurant sit down,,Hospitality,Pitkin,6/19/20,,,,,3.0,,,,,,26600,0.1013,10.13,
251,Mi Pueblo Market- Aurora,Resolved,6/19/20,Grocery store,,Wholesale/Retail,Adams,5/21/20,,,,,7.0,,,,,,35500,0.4045,40.45,
252,Mi Pueblo Market- Thornton,Resolved,6/5/20,Grocery store,,Wholesale/Retail,Adams,5/12/20,,,,,20.0,,,,,,35500,0.4045,40.45,
253,Midwest Barricade Co,Active,,Office/indoor workspace,Traffic safety equipment supplier company,Wholesale/Retail,El Paso,6/25/20,,,,,7.0,,,,,,35500,0.1746,17.46,
254,Mission Foods,Resolved,6/25/20,Other,Manufactured foods facility,Manufacturing,Pueblo,6/1/20,,,,,6.0,,,,,,55000,0.43090000000000006,43.09,
255,Modern Painting Services,Active,,Other,House Painting Business,Construction,El Paso,6/20/20,,,,,5.0,2.0,,,,,44600,0.1746,17.46,7.0
256,Monaco Parkway Health and Rehabilitation Center (020497),Active,,"Healthcare, skilled nursing facility",,Education/Health Services,Denver,5/4/20,9.0,2.0,1.0,,19.0,,,,,,45600,0.2967,29.67,
257,Montage Heights (23H133),Resolved,6/3/20,"Healthcare, assisted living residence",,Education/Health Services,Arapahoe,4/15/20,7.0,1.0,3.0,,4.0,4.0,,,,,45600,0.1949,19.49,8.0
258,Montage Hills (0204T9),Resolved,6/17/20,"Healthcare, assisted living residence",,Education/Health Services,Arapahoe,4/28/20,5.0,,1.0,,7.0,1.0,,,,,45600,0.1949,19.49,8.0
259,Montage Ridge (0204C5),Resolved,6/9/20,"Healthcare, combined care",,Education/Health Services,Jefferson,4/6/20,4.0,2.0,1.0,,10.0,5.0,2.0,,,,45600,0.1549,15.49,15.0
260,MorningStar at Jordan (23E528),Resolved,6/25/20,"Healthcare, assisted living residence",,Education/Health Services,Arapahoe,5/5/20,38.0,,12.0,,21.0,,,,,,45600,0.1949,19.49,
261,MorningStar at Mountain Shadows (23Y392),Resolved,5/14/20,"Healthcare, assisted living residence",,Education/Health Services,El Paso,3/30/20,15.0,7.0,8.0,,8.0,1.0,,,,,45600,0.1746,17.46,9.0
262,MorningStar at RidgeGate (23X760),Resolved,6/9/20,"Healthcare, combined care",,Education/Health Services,Douglas,4/22/20,24.0,5.0,7.0,1.0,6.0,2.0,,,,,45600,0.0897,8.97,8.0
263,Mountain King Potatoes,Active,,Farm/dairy,,Agg/Fish/Forestry/Hunting,Rio Grande,5/14/20,,,,,25.0,,,,,,32900,0.43979999999999997,43.98,
264,Mountain States Rosen Company,Resolved,5/27/20,Other,Meat Processing Plant (Lamb),Manufacturing,Weld,3/31/20,,,,,7.0,2.0,,,,,55000,0.2965,29.65,9.0
265,Mountain Vista Assisted Living & Memory Care (2304SY),Active,,"Healthcare, assisted living residence",,Education/Health Services,Jefferson,5/25/20,16.0,1.0,4.0,,5.0,2.0,,,,,45600,0.1549,15.49,7.0
266,Mountain Vista Health Center (020429),Active,,"Healthcare, skilled nursing facility",,Education/Health Services,Jefferson,4/10/20,76.0,19.0,22.0,10.0,30.0,11.0,,,,,45600,0.1549,15.49,41.0
267,New Genesis Transitional Living Shelter,Active,,Other,Homeless shelter,Education/Health Services,Denver,4/20/20,34.0,3.0,,,3.0,,,,,,45600,0.2967,29.67,
268,Next 1 Labs,Active,,Other,THC Laboratory,Prof Serv and Mgmt,Adams,6/8/20,,,,,6.0,,,,,,75600,0.4045,40.45,
269,Nightingale Lane (2304XO),Resolved,6/23/20,"Healthcare, combined care",assisted living and memory care,Education/Health Services,Jefferson,4/12/20,13.0,2.0,5.0,2.0,2.0,,,,,,45600,0.1549,15.49,
270,North Shore Health & Rehab Facility (020331),Resolved,5/19/20,"Healthcare, skilled nursing facility",,Education/Health Services,Larimer,3/12/20,22.0,7.0,6.0,5.0,9.0,4.0,,,,,45600,0.1166,11.66,13.0
271,Northglenn Heights Assisted Living Community (230430),Active,,"Healthcare, assisted living residence",,Education/Health Services,Adams,6/2/20,5.0,,,,5.0,1.0,,,,,45600,0.4045,40.45,6.0
272,O'Reilly Auto Parts #2712,Resolved,6/15/20,Other,Retail,Wholesale/Retail,Jefferson,5/22/20,,,,,3.0,,1.0,,,,35500,0.1549,15.49,
273,"Oberon House, The (2304C7)",Active,,"Healthcare, assisted living residence",,Education/Health Services,Jefferson,7/7/20,1.0,,1.0,,1.0,,,,,,45600,0.1549,15.49,
274,Olson's Greenhouse,Resolved,5/19/20,Farm/dairy,,Agg/Fish/Forestry/Hunting,Weld,5/12/20,,,,,14.0,9.0,,,,,32900,0.2965,29.65,23.0
275,OraLabs,Resolved,6/29/20,Other,Manufacturer (Hand Sanitizer),Manufacturing,Douglas,5/14/20,,,,,23.0,15.0,,,,,55000,0.0897,8.97,38.0
276,Orchard Park Health Care Center (020468),Resolved,6/26/20,"Healthcare, skilled nursing facility",,Education/Health Services,Arapahoe,4/14/20,64.0,19.0,5.0,,56.0,13.0,,,,,45600,0.1949,19.49,69.0
277,Orchard Valley Learning Center,Resolved,6/4/20,Child care center,,Education/Health Services,Arapahoe,5/9/20,,,,,2.0,1.0,,1.0,1.0,,45600,0.1949,19.49,3.0
278,OrePac Building Products,Resolved,6/15/20,Other,Building materials supplier,Wholesale/Retail,Denver,5/14/20,,,,,18.0,,,,,,35500,0.2967,29.67,
279,Origin Hotel Westminster Construction Site,Resolved,6/30/20,Other,Construction site,Construction,Jefferson,6/30/20,,,,,2.0,,,,,,44600,0.1549,15.49,
280,Panda Express,Resolved,6/26/20,Restaurant  fast food,,Hospitality,Pueblo,6/2/20,,,,,2.0,3.0,,,,,26600,0.43090000000000006,43.09,5.0
281,Park Regency Thornton (23Q568),Resolved,6/16/20,"Healthcare, assisted living residence",,Education/Health Services,Adams,5/6/20,3.0,,1.0,,1.0,,,,,,45600,0.4045,40.45,
282,Parker Senior Living by MorningStar (23X291),Resolved,6/8/20,"Healthcare, assisted living residence",,Education/Health Services,Douglas,4/16/20,3.0,,,,1.0,4.0,,,,,45600,0.0897,8.97,5.0
283,Parkview Care Center (020440),Resolved,5/26/20,"Healthcare, skilled nursing facility",,Education/Health Services,Denver,4/11/20,15.0,14.0,5.0,6.0,12.0,3.0,,,,,45600,0.2967,29.67,15.0
284,Pasta Jays,Active,,Restaurant other or unknown type,,Hospitality,Boulder,6/14/20,,,,,4.0,1.0,,,,,26600,0.1391,13.91,5.0
285,"Peaks Care Center, The (020391)",Active,,"Healthcare, combined care",,Education/Health Services,Boulder,4/12/20,48.0,1.0,16.0,1.0,33.0,,,,,,45600,0.1391,13.91,
286,Peakview Assisted Living and Memory Care (23F490),Resolved,6/9/20,"Healthcare, assisted living residence",,Education/Health Services,Arapahoe,5/1/20,2.0,1.0,,,1.0,,,,,,45600,0.1949,19.49,
287,Pearl Street Health & Rehabilitation Center (020431),Active,,"Healthcare, skilled nursing facility",,Education/Health Services,Arapahoe,4/2/20,10.0,1.0,,,8.0,3.0,,,,,45600,0.1949,19.49,11.0
288,Pecos - Independence House,Active,,Other,Community correctional facility,Education/Health Services,Denver,5/18/20,21.0,1.0,,,3.0,1.0,,,,,45600,0.2967,29.67,4.0
289,Pikes Peak Center (02B942),Active,,"Healthcare, combined care",,Education/Health Services,El Paso,4/20/20,91.0,3.0,26.0,,46.0,4.0,,,,,45600,0.1746,17.46,50.0
290,Plastics Inc,Resolved,6/30/20,Other,Pipe distributor,Transp/Warehouse,Adams,6/12/20,,,,,3.0,,,,,,49300,0.4045,40.45,
291,Players Club,Active,,Restaurant other or unknown type,Restaurant/Adult Entertainment,Hospitality,Adams,6/24/20,,,,,5.0,,,,,,26600,0.4045,40.45,
292,Pollution Solutions ,Resolved,6/23/20,Office/indoor workspace,,Prof Serv and Mgmt,Larimer,5/28/20,,,,,5.0,,,,,,75600,0.1166,11.66,
293,Porter Place Inc (2304E7),Resolved,6/23/20,"Healthcare, assisted living residence",,Education/Health Services,Denver,5/18/20,20.0,,8.0,,12.0,,,,,,45600,0.2967,29.67,
294,Powerback Rehabilitation Lafayette (02U713),Active,,"Healthcare, skilled nursing facility",,Education/Health Services,Boulder,4/15/20,10.0,1.0,5.0,,13.0,2.0,,,,,45600,0.1391,13.91,15.0
295,Powerback Rehabilitation Lakewood (02A935),Resolved,6/5/20,"Healthcare, skilled nursing facility",,Education/Health Services,Jefferson,4/13/20,11.0,11.0,4.0,1.0,10.0,9.0,,,,,45600,0.1549,15.49,19.0
296,Prairie Dog Treats/Antlers,Resolved,5/28/20,Other,Dog Food Plant,Manufacturing,Montrose,4/21/20,,,,,11.0,,,,,,55000,0.2071,20.71,
297,ProHealth,Active,,Other,Potato Processing Plant,Manufacturing,Yuma,5/28/20,,,,,23.0,,,,,,55000,0.2391,23.91,
298,Pueblo Viejo Family Mexican Restaurant,Active,,Restaurant sit down,,Hospitality,Larimer,7/2/20,,,,,3.0,,,,,,26600,0.1166,11.66,
299,Redbird Farms,Active,,Other,Poultry Processing Center,Manufacturing,Arapahoe,6/5/20,,,,,8.0,7.0,,,,,55000,0.1949,19.49,15.0
300,"Rehabilitation Center at Sandalwood,The (020465)",Active,,"Healthcare, skilled nursing facility",,Education/Health Services,Jefferson,4/26/20,15.0,3.0,,,14.0,10.0,,,,,45600,0.1549,15.49,24.0
301,"Residence at Oakridge, The (23R289)",Resolved,6/2/20,"Healthcare, assisted living residence",,Education/Health Services,Larimer,4/11/20,5.0,3.0,1.0,,6.0,1.0,,,,,45600,0.1166,11.66,7.0
302,Ridgeview Post Acute (020404),Resolved,7/2/20,"Healthcare, skilled nursing facility",,Education/Health Services,Adams,4/13/20,25.0,3.0,9.0,1.0,15.0,9.0,,,,,45600,0.4045,40.45,24.0
303,River Run Construction Site,Active,,Other,Construction,Construction,Grand,6/24/20,,,,,3.0,,,,,,44600,0.09050000000000001,9.05,
304,RiverPointe Senior Living,Resolved,5/28/20,Independent Living Facility,,Education/Health Services,Arapahoe,4/1/20,3.0,,1.0,,3.0,,,,,,45600,0.1949,19.49,
305,Robert Russell Eastern Star-Masonic Ctr of Colorad (2304HP),Resolved,5/29/20,"Healthcare, assisted living residence",,Education/Health Services,Denver,4/6/20,10.0,2.0,2.0,2.0,7.0,4.0,,,,,45600,0.2967,29.67,11.0
306,Rocky Mountain Bakehouse,Active,,Other,Commercial Bakery,Manufacturing,Arapahoe,4/24/20,,,,,8.0,,,,,,55000,0.1949,19.49,
307,Rocky Mountain Gutters,Resolved,6/23/20,Other,Gutters,Construction,Garfield,6/3/20,,,,,5.0,1.0,,,,,44600,0.2875,28.749999999999996,6.0
308,Rocky Mountain Natural Meats,Resolved,6/3/20,Other,Meat Processing Plant,Manufacturing,Adams,4/13/20,,,,,18.0,,,,,,55000,0.4045,40.45,
309,"Rowan Community, Inc (020459)",Active,,"Healthcare, skilled nursing facility",,Education/Health Services,Denver,4/8/20,11.0,8.0,2.0,1.0,15.0,15.0,,,,,45600,0.2967,29.67,30.0
310,Ryan and Company Construction,Resolved,6/4/20,Other,Tile/Construction,Construction,Douglas,5/7/20,,,,,2.0,,,,,,44600,0.0897,8.97,
311,Safeway,Resolved,7/7/20,Grocery store,,Wholesale/Retail,El Paso,5/20/20,,,,,4.0,,,,,,35500,0.1746,17.46,
312,Safeway Distribution Center,Resolved,5/22/20,Other,Food Distribution,Transp/Warehouse,Denver,5/1/20,,,,,6.0,,1.0,,,,49300,0.2967,29.67,
313,Samitaran House Denver,Active,,Other,Shelter,Education/Health Services,Denver,5/20/20,3.0,,,,2.0,1.0,,,,,45600,0.2967,29.67,3.0
314,San Juan Living Center (021141),Resolved,5/28/20,"Healthcare, skilled nursing facility",,Education/Health Services,Montrose,4/6/20,16.0,4.0,6.0,,7.0,14.0,,,,,45600,0.2071,20.71,21.0
315,San Luis Care Center (021020),Active,,"Healthcare, combined care",,Education/Health Services,Alamosa,6/11/20,20.0,,2.0,,7.0,12.0,,,,,45600,0.4581,45.81,19.0
316,Schnell North America Inc,Resolved,6/17/20,Other,Provides parts and technical assistance for rebar processing machines,Prof Serv and Mgmt,Adams,5/13/20,,,,,2.0,,,,,,75600,0.4045,40.45,
317,Schommer Construction,Resolved,5/21/20,Other,Construction company,Construction,El Paso,5/12/20,,,,,2.0,,,,,,44600,0.1746,17.46,
318,Serenity House Assisted Living Hunters Hill (23G942),Resolved,5/18/20,"Healthcare, assisted living residence",,Education/Health Services,Arapahoe,4/13/20,2.0,5.0,,1.0,4.0,,,,,,45600,0.1949,19.49,
319,Serenity House Assisted Living III (2304WE),Resolved,4/29/20,"Healthcare, assisted living residence",,Education/Health Services,Arapahoe,3/31/20,6.0,1.0,2.0,1.0,4.0,,,,,,45600,0.1949,19.49,
320,Serenity House Assisted Living Littleton (23M202),Resolved,5/26/20,"Healthcare, assisted living residence",,Education/Health Services,Jefferson,4/17/20,7.0,1.0,2.0,,2.0,2.0,,,,,45600,0.1549,15.49,4.0
321,Sherman House Group Home (Continuum of Colorado),Resolved,5/20/20,Group home,,Education/Health Services,Arapahoe,4/7/20,3.0,1.0,,,1.0,,,,,,45600,0.1949,19.49,
322,Sierra Rehabilitation and Care Community (020423),Resolved,6/16/20,"Healthcare, skilled nursing facility",,Education/Health Services,Jefferson,4/3/20,18.0,11.0,8.0,6.0,44.0,1.0,,,,,45600,0.1549,15.49,45.0
323,Simply Delicious,Resolved,7/6/20,Other,Food manufacturing,Manufacturing,Boulder,5/12/20,,,,,5.0,,,,,,55000,0.1391,13.91,
324,Sloan's Lake Rehabilitation Center (02Q649),Resolved,5/22/20,"Healthcare, skilled nursing facility",Rehab ,Education/Health Services,Denver,4/7/20,5.0,9.0,2.0,1.0,10.0,7.0,,,,,45600,0.2967,29.67,17.0
325,Someren Glen Assisted Living (2304VQ),Active,,"Healthcare, combined care",,Education/Health Services,Arapahoe,4/1/20,10.0,6.0,6.0,1.0,8.0,9.0,,,,,45600,0.1949,19.49,17.0
326,"Splash Pool Services, Inc",Active,,Pool/water park,,Hospitality,Larimer,6/26/20,,,,,2.0,,,1.0,,,26600,0.1166,11.66,
327,Springs Fabrication,Active,,Office/indoor workspace,,Prof Serv and Mgmt,El Paso,5/18/20,,,,,2.0,1.0,,,,,75600,0.1746,17.46,3.0
328,St Andrews Village (23G126),Resolved,7/6/20,"Healthcare, assisted living residence",,Education/Health Services,Arapahoe,5/27/20,5.0,,1.0,,,3.0,,,,,45600,0.1949,19.49,
329,St Andrews Village-LTC (02O244),Resolved,6/9/20,"Healthcare, skilled nursing facility",,Education/Health Services,Arapahoe,4/8/20,13.0,2.0,8.0,,8.0,2.0,,,,,45600,0.1949,19.49,10.0
330,St Francis Center Day Shelter,Active,,Other,Shelter,Education/Health Services,Denver,5/8/20,,,,,5.0,2.0,,10.0,,,45600,0.2967,29.67,7.0
331,St Paul Health Center (020448),Resolved,6/8/20,"Healthcare, skilled nursing facility",,Education/Health Services,Denver,4/21/20,5.0,3.0,1.0,,3.0,7.0,,,,,45600,0.2967,29.67,10.0
332,Sterling Correctional Facility,Active,,Prison/jail,,Government,Clear Creek,4/14/20,564.0,,3.0,,36.0,3.0,,,,,58100,0.0737,7.37,39.0
333,Steven Roberts Original Desserts,Active,,Other,Food Manufacturer ,Manufacturing,Adams,5/15/20,,,,,127.0,6.0,1.0,,,,55000,0.4045,40.45,133.0
334,Stevinson Toyota East,Resolved,6/10/20,Office/indoor workspace,Car dealership ,Wholesale/Retail,Arapahoe,5/20/20,,,,,5.0,,,,,,35500,0.1949,19.49,
335,"Suites at Holly Creek Assisted Living, The (23Y389)",Resolved,6/26/20,"Healthcare, combined care","Skilled nursing, continuing care retirement community",Education/Health Services,Arapahoe,4/15/20,11.0,,4.0,,4.0,2.0,,,,,45600,0.1949,19.49,6.0
336,"Suites Parker, The (02K186)",Active,,"Healthcare, skilled nursing facility",,Education/Health Services,Douglas,5/19/20,19.0,2.0,,1.0,12.0,1.0,,,,,45600,0.0897,8.97,13.0
337,Summit Rehabilitation and Care Community (020407),Active,,"Healthcare, skilled nursing facility",,Education/Health Services,Arapahoe,5/9/20,39.0,6.0,,,25.0,2.0,,,,,45600,0.1949,19.49,27.0
338,Sunrise at Cherry Creek (2304OU),Resolved,5/13/20,"Healthcare, skilled nursing facility",,Education/Health Services,Denver,4/2/20,5.0,4.0,2.0,1.0,7.0,,,,,,45600,0.2967,29.67,
339,Sunrise at Flatirons (23R708),Active,,"Healthcare, assisted living residence",,Education/Health Services,Broomfield,4/21/20,15.0,3.0,10.0,2.0,11.0,,,,,,45600,0.126,12.6,
340,Sunrise at Orchard (2304NM),Active,,"Healthcare, assisted living residence",,Education/Health Services,Arapahoe,4/21/20,25.0,6.0,6.0,2.0,24.0,9.0,,,,,45600,0.1949,19.49,33.0
341,Sunset Manor (020186),Resolved,6/30/20,"Healthcare, skilled nursing facility",,Education/Health Services,Morgan,4/30/20,20.0,1.0,5.0,1.0,17.0,,,,,,45600,0.3632,36.32,
342,Sweet Cow Ice Cream,Active,,Restaurant other or unknown type,Ice Cream,Hospitality,Denver,6/15/20,,,,,2.0,,,,,,26600,0.2967,29.67,
343,Swire Coca-Cola,Resolved,6/9/20,Other,Warehouse,Transp/Warehouse,Denver,5/21/20,,,,,10.0,,,,,,49300,0.2967,29.67,
344,Terrace Gardens Healthcare Center (020561),Resolved,5/9/20,"Healthcare, skilled nursing facility",,Education/Health Services,El Paso,4/2/20,1.0,7.0,,,,5.0,,,,,45600,0.1746,17.46,
345,The Courtyard at Lakewood Independent Living Center,Resolved,6/8/20,Independent Living Facility,,Education/Health Services,Jefferson,4/5/20,4.0,,2.0,,,,,,,,45600,0.1549,15.49,
346,The EDGE,Resolved,4/26/20,Other,Copper Mountain Employee Housing,Hospitality,Summit,3/25/20,2.0,2.0,,,,,,,,,26600,0.1458,14.580000000000002,
347,The Inn at Aspen,Active,,Hotel/lodge/resort,,Hospitality,Pitkin,6/22/20,,,,,4.0,1.0,,,,,26600,0.1013,10.13,5.0
348,The Learning Experience- Westminster,Resolved,6/24/20,Child care center,,Education/Health Services,Jefferson,5/7/20,,,,,2.0,1.0,,,,,45600,0.1549,15.49,3.0
349,The Standard at Fort Collins,Active,,Other,Construction Site,Construction,Larimer,5/29/20,,,,,10.0,3.0,,,,,44600,0.1166,11.66,13.0
350,The Women's Clinic of Northern Colorado,Active,,"Healthcare, outpatient",,Education/Health Services,Larimer,6/30/20,,,,,2.0,,,,,,45600,0.1166,11.66,
351,Thrivecare Cody LLC (23Q263),Resolved,6/24/20,"Healthcare, assisted living residence",,Education/Health Services,Jefferson,5/30/20,2.0,,,,2.0,,,,,,45600,0.1549,15.49,
352,Tile Art Granite Fabrication Shop,Active,,Other,"Workplace, no store front, in homes",Other Services,La Plata,7/6/20,,,,,2.0,1.0,,,,,36300,0.1297,12.97,3.0
353,Tommyknocker Tavern,Active,,Restaurant sit down,,Hospitality,Mineral,6/25/20,,,,,,,,3.0,,,26600,0.0644,6.4399999999999995,
354,Top Golf ,Active,,Other,Recreation Facility and Restaurant,Hospitality,Arapahoe,6/29/20,,,,,3.0,3.0,,,,,26600,0.1949,19.49,6.0
355,United Ground Express,Resolved,5/18/20,Other,Airport operations/support,Prof Serv and Mgmt,Denver,4/24/20,,,,,15.0,,,,,,75600,0.2967,29.67,
356,United States Postal Distribution Center,Active,,Other,Mail distribution center,Transp/Warehouse,Denver,6/1/20,,,,,14.0,,,,,,49300,0.2967,29.67,
357,Universal Forest Products,Active,,Other,Lumber/Construction ,Construction,Boulder,4/13/20,,,,,5.0,,,,,,44600,0.1391,13.91,
358,University Heights Rehab And Care Community (020447),Active,,"Healthcare, skilled nursing facility",,Education/Health Services,Arapahoe,4/14/20,18.0,1.0,4.0,,18.0,,,,,,45600,0.1949,19.49,
359,University of Denver-Employees,Active,,Other,University,Education/Health Services,Denver,6/15/20,,,,,7.0,,,,,,45600,0.2967,29.67,
360,University Park Care Center (020650),Active,,"Healthcare, skilled nursing facility",,Education/Health Services,Pueblo,5/29/20,34.0,2.0,9.0,,13.0,9.0,,,,,45600,0.43090000000000006,43.09,22.0
361,Uptown Health Care Center (020452),Active,,"Healthcare, skilled nursing facility",,Education/Health Services,Denver,6/18/20,7.0,2.0,1.0,,2.0,,,,,,45600,0.2967,29.67,
362,Urban Peak,Active,,Other,Youth shelter,Education/Health Services,Denver,5/8/20,4.0,8.0,,,,,,,,,45600,0.2967,29.67,
363,Van Cise-Simonet Detention Center,Active,,Prison/jail,,Government,Denver,4/30/20,194.0,204.0,,,5.0,9.0,,,,,58100,0.2967,29.67,14.0
364,Vi at highlands Ranch ,Resolved,6/17/20,Independent Living Facility,,Education/Health Services,Douglas,6/9/20,6.0,4.0,3.0,1.0,2.0,6.0,,,,,45600,0.0897,8.97,8.0
365,Vibra Hospital Construction Site,Active,,Other,Construction Site,Construction,Adams,7/1/20,,,,,3.0,1.0,,,,,44600,0.4045,40.45,4.0
366,Victory Outreach Transitional Housing,Active,,Group home,,Education/Health Services,Weld,6/12/20,3.0,7.0,,,1.0,1.0,,,,,45600,0.2965,29.65,2.0
367,Villa Manor Care Center (020451),Resolved,7/2/20,"Healthcare, skilled nursing facility",,Education/Health Services,Jefferson,5/6/20,56.0,12.0,18.0,2.0,50.0,6.0,,,,,45600,0.1549,15.49,56.0
368,Village at Belmar (23Z408),Active,,"Healthcare, assisted living residence",,Education/Health Services,Jefferson,5/27/20,2.0,,,,4.0,,,,,,45600,0.1549,15.49,
369,Villagio of Broomfield (23Z321),Resolved,6/30/20,"Healthcare, assisted living residence",,Education/Health Services,Jefferson,5/16/20,2.0,,1.0,,5.0,2.0,,,,,45600,0.1549,15.49,7.0
370,Walmart,Active,,Grocery store,,Wholesale/Retail,El Paso,5/18/20,,,,,4.0,6.0,,,,,35500,0.1746,17.46,10.0
371,Walmart,Resolved,6/9/20,Grocery store,,Wholesale/Retail,Arapahoe,4/22/20,,,,,16.0,2.0,2.0,,,,35500,0.1949,19.49,18.0
372,Walmart Distribution Center,Resolved,6/19/20,Other,Distribution Center,Transp/Warehouse,Larimer,5/15/20,,,,,31.0,2.0,,,,,49300,0.1166,11.66,33.0
373,Washington County Justice Center,Active,,Prison/jail,,Government,Washington,5/22/20,27.0,,,,4.0,,,,,,58100,0.1045,10.45,
374,Weld County Jail,Active,,Prison/jail,,Government,Weld,4/1/20,39.0,,1.0,,22.0,,,,,,58100,0.2965,29.65,
375,Weld County Work Release Program,Resolved,6/8/20,Prison/jail,,Government,Weld,4/21/20,6.0,10.0,,,1.0,6.0,,,,,58100,0.2965,29.65,7.0
376,West Elk Mine/Arch Coal,Resolved,6/1/20,Other,Coal Mine,Mining/OilandGas,Gunnison,4/21/20,,,,,7.0,8.0,,,,,76300,0.0935,9.35,15.0
377,West Pines-Senior Behavioral Health,Resolved,6/30/20,Healthcare other,Inpatient psychiatry,Education/Health Services,Jefferson,5/11/20,8.0,1.0,1.0,,12.0,,,,,,45600,0.1549,15.49,
378,Wheat Ridge Regional Center-Iris House,Active,,Group home,,Education/Health Services,Jefferson,4/16/20,2.0,5.0,1.0,,6.0,3.0,,,,,45600,0.1549,15.49,9.0
379,White House Pizza/Pepperoni Pizza Kitchen,Active,,Restaurant sit down,,Hospitality,Garfield,6/30/20,,,,,3.0,,,,,,26600,0.2875,28.749999999999996,
380,Wind Crest,Active,,Independent Living Facility,,Education/Health Services,Douglas,3/30/20,6.0,2.0,2.0,,4.0,42.0,,,,,45600,0.0897,8.97,46.0
381,Windigo Logistics,Active,,Other,Warehouse,Transp/Warehouse,El Paso,5/18/20,,,,,4.0,3.0,,,,,49300,0.1746,17.46,7.0
382,Winslow Court Retirement Community (230512),Resolved,6/11/20,Healthcare other,Assisted living & independent living ,Education/Health Services,El Paso,4/1/20,25.0,4.0,11.0,,9.0,3.0,,,,,45600,0.1746,17.46,12.0
383,Workforce Management,Active,,Office/indoor workspace,,Prof Serv and Mgmt,El Paso,6/11/20,,,,,2.0,,,,,,75600,0.1746,17.46,
