,AFFH,Mining/O&G,Utilities,Manufacturing,Government,Construction,Comm/Info,Wholesale Trade,Retail Trade,Transp/Warehouse,Prof Serv and Mgmt,Fin/Ins/RS,Education,HC and SA,A&E,Hospitality,Other Service
0,Farm/dairy,Coal Mine,,Wood Pallet Manufacturer,Prison/jail,Construction Site,,Produce Wholesale Warehouse,Grocery store,Distribution,Maintenance Services,Bank,Educational Program,Child care center,,Restaurant  fast food,"Workplace, no store front, in homes"
1,Agriculture,,,Industry,Correctional facility,Construction,,,Retail,Distribution Center,Waste management,,University,"Healthcare, assisted living residence",,Hotel/lodge/resort,
2,Gathering,,,Manufacturing,Community Corrections,Construction site,,,Store,Potato Warehouse,Electrical Contractor,,,"Healthcare, skilled nursing facility",,Restaurant sit down,
3,,,,Dairy Plant,,construction site,,,Tile Company; Industry,Factory/Warehouse,Distribution/Marketing Service,,,"Healthcare, combined care",,Restaurant other or unknown type,
4,,,,Beverage Bottling Plant,,Construction,,,Thrift store,Food distributor,Landscaping company,,,Healthcare other,,Beauty Salon,
5,,,,Meat Processing,,Tile/Construction,,,Home Improvement Retailer,Warehouse Distribution,Office/indoor workspace,,,"Healthcare, outpatient",,Laundry Services,
6,,,,Manufacturing/Retail,,Construction company,,,Home improvement retailer,Agricultural and Manufactured food facility,Bridge Tournament ,,,Independent Living Facility,,Camp,
7,,,,Meat Packing Plant,,Lumber/Construction ,,,Traffic safety equipment supplier company,Produce Repack Warehouse/Distribution,Cleaning Company,,,Group home,,Pool/water park,
8,,,,Manufacturing ,,,,,Car dealership ,Pipe distributor,Fencing company,,,"Healthcare, dialysis",,Laundry Services,
9,,,,Frozen food manufacturing,,,,,,Food Distribution,Landscaping,,,Residential Care Facility,,Hot Spring/Spa,
10,,,,Food Manufacturer,,,,,,Warehouse,Environmental Laboratory,,,Personal Care Alternative (PCA) staffed apartment,,Bakery ,
11,,,,Food Manufacturing,,,,,,Mail distribution center,House Painting Business,,,Congregate shelter,,Bakery,
12,,,,Factory,,,,,,,THC Laboratory,,,OBGYN Clinic,,Steam Laundry,
13,,,,Food Packaging Industry,,,,,,,Gutters,,,Opioid Treatment Facility,,Restaurant/Adult Entertainment,
14,,,,Slaughterhouse/Meat packing plant,,,,,,,Provides parts and technical assistance for rebar processing machines,,,Shelter,,Ice Cream,
15,,,,Manufactured foods facility,,,,,,,Airport operations/support,,,Adult group home,,Copper Mountain Employee Housing,
16,,,,Meat Processing Plant (Lamb),,,,,,,,,,Rehab center,,Recreation Facility and Restaurant,
17,,,,Manufacturer (Hand Sanitizer),,,,,,,,,,Inpatient rehabilitation,,,
18,,,,Building materials supplier,,,,,,,,,,Hospice ,,,
19,,,,Dog Food Plant,,,,,,,,,,Assisted living and memory care,,,
20,,,,Potato Processing Plant,,,,,,,,,,Dental Office,,,
21,,,,Poultry Processing Center,,,,,,,,,,Behavioral health,,,
22,,,,Commercial Bakery,,,,,,,,,,Rehab and Senior Living,,,
23,,,,Meat Processing Plant,,,,,,,,,,Homeless shelter,,,
24,,,,Food manufacturing,,,,,,,,,,assisted living and memory care,,,
25,,,,Food Manufacturer ,,,,,,,,,,Community correctional facility,,,
26,,,,,,,,,,,,,,Rehab ,,,
27,,,,,,,,,,,,,,"Skilled nursing, continuing care retirement community",,,
28,,,,,,,,,,,,,,Youth shelter,,,
29,,,,,,,,,,,,,,Assisted living & independent living ,,,
30,,,,,,,,,,,,,,Inpatient psychiatry,,,
