,Industry,CTYNAME,Hispanic Population Percentage,"Total
employed",Women,White,"Black or
African
American",Asian,"Hispanic
or Latino"
0,Construction,La Plata,12.97,"11,373",10.3,88.1,6.4,1.9,30.4
1,Manufacturing,Adams,40.45,"15,741",29.4,79.5,10.4,6.8,16.8
2,Construction,Garfield,28.749999999999996,"11,373",10.3,88.1,6.4,1.9,30.4
3,Construction,Boulder,13.91,"11,373",10.3,88.1,6.4,1.9,30.4
4,Education/Health Services,Weld,29.65,"35,894",74.8,75.3,15.1,6.4,13.5
5,Prof Serv and Mgmt,Arapahoe,19.49,"19,606",41.3,77.4,10.0,9.6,16.0
6,Education/Health Services,Arapahoe,19.49,"35,894",74.8,75.3,15.1,6.4,13.5
7,Education/Health Services,Arapahoe,19.49,"35,894",74.8,75.3,15.1,6.4,13.5
8,Education/Health Services,Jefferson,15.49,"35,894",74.8,75.3,15.1,6.4,13.5
9,Government,Adams,40.45,"7,225",45.7,73.9,17.5,4.7,12.5
10,Prof Serv and Mgmt,Pueblo,43.09,"19,606",41.3,77.4,10.0,9.6,16.0
11,Agg/Fish/Forestry/Hunting,San Miguel,10.69,"2,425",26.2,93.0,2.2,1.7,27.5
12,Wholesale/Retail,El Paso,17.46,"19,742",44.2,78.6,11.7,5.7,18.1
13,Education/Health Services,Arapahoe,19.49,"35,894",74.8,75.3,15.1,6.4,13.5
14,Government,Alamosa,45.81,"7,225",45.7,73.9,17.5,4.7,12.5
15,Prof Serv and Mgmt,Adams,40.45,"19,606",41.3,77.4,10.0,9.6,16.0
16,,Denver,29.67,,,,,,
17,Education/Health Services,Jefferson,15.49,"35,894",74.8,75.3,15.1,6.4,13.5
18,Manufacturing,Denver,29.67,"15,741",29.4,79.5,10.4,6.8,16.8
19,Prof Serv and Mgmt,Garfield,28.749999999999996,"19,606",41.3,77.4,10.0,9.6,16.0
20,Prof Serv and Mgmt,Adams,40.45,"19,606",41.3,77.4,10.0,9.6,16.0
21,Transp/Warehouse,Adams,40.45,"8,991",24.1,71.0,20.1,5.6,18.8
22,Transp/Warehouse,Adams,40.45,"7,614",24.8,68.7,22.0,5.8,20.1
23,Education/Health Services,Denver,29.67,"35,894",74.8,75.3,15.1,6.4,13.5
24,,Gilpin,7.3,,,,,,
25,,Teller,6.76,,,,,,
26,Manufacturing,Larimer,11.66,"15,741",29.4,79.5,10.4,6.8,16.8
27,Transp/Warehouse,Adams,40.45,"8,991",24.1,71.0,20.1,5.6,18.8
28,Transp/Warehouse,Adams,40.45,"7,614",24.8,68.7,22.0,5.8,20.1
29,Education/Health Services,El Paso,17.46,"35,894",74.8,75.3,15.1,6.4,13.5
30,Education/Health Services,Boulder,13.91,"35,894",74.8,75.3,15.1,6.4,13.5
31,Government,Arapahoe,19.49,"7,225",45.7,73.9,17.5,4.7,12.5
32,Education/Health Services,Adams,40.45,"35,894",74.8,75.3,15.1,6.4,13.5
33,Hospitality,Arapahoe,19.49,"14,643",51.2,74.6,13.1,6.9,24.0
34,Wholesale/Retail,Arapahoe,19.49,"19,742",44.2,78.6,11.7,5.7,18.1
35,Education/Health Services,Denver,29.67,"35,894",74.8,75.3,15.1,6.4,13.5
36,Hospitality,Mineral,6.4399999999999995,"14,643",51.2,74.6,13.1,6.9,24.0
37,Government,Clear Creek,7.37,"7,225",45.7,73.9,17.5,4.7,12.5
38,Education/Health Services,Arapahoe,19.49,"35,894",74.8,75.3,15.1,6.4,13.5
39,Education/Health Services,El Paso,17.46,"35,894",74.8,75.3,15.1,6.4,13.5
40,Construction,El Paso,17.46,"11,373",10.3,88.1,6.4,1.9,30.4
41,Education/Health Services,El Paso,17.46,"35,894",74.8,75.3,15.1,6.4,13.5
42,Education/Health Services,Larimer,11.66,"35,894",74.8,75.3,15.1,6.4,13.5
43,Education/Health Services,Arapahoe,19.49,"35,894",74.8,75.3,15.1,6.4,13.5
44,Education/Health Services,Arapahoe,19.49,"35,894",74.8,75.3,15.1,6.4,13.5
45,Government,Adams,40.45,"7,225",45.7,73.9,17.5,4.7,12.5
46,Education/Health Services,Arapahoe,19.49,"35,894",74.8,75.3,15.1,6.4,13.5
47,Manufacturing,Weld,29.65,"15,741",29.4,79.5,10.4,6.8,16.8
48,Education/Health Services,Denver,29.67,"35,894",74.8,75.3,15.1,6.4,13.5
49,Education/Health Services,Adams,40.45,"35,894",74.8,75.3,15.1,6.4,13.5
50,Education/Health Services,Adams,40.45,"35,894",74.8,75.3,15.1,6.4,13.5
51,Hospitality,Larimer,11.66,"14,643",51.2,74.6,13.1,6.9,24.0
52,Education/Health Services,Adams,40.45,"35,894",74.8,75.3,15.1,6.4,13.5
53,Education/Health Services,Boulder,13.91,"35,894",74.8,75.3,15.1,6.4,13.5
54,Prof Serv and Mgmt,Boulder,13.91,"19,606",41.3,77.4,10.0,9.6,16.0
55,Prof Serv and Mgmt,Adams,40.45,"19,606",41.3,77.4,10.0,9.6,16.0
56,Hospitality,El Paso,17.46,"14,643",51.2,74.6,13.1,6.9,24.0
57,Education/Health Services,Arapahoe,19.49,"35,894",74.8,75.3,15.1,6.4,13.5
58,Education/Health Services,Denver,29.67,"35,894",74.8,75.3,15.1,6.4,13.5
59,Construction,Adams,40.45,"11,373",10.3,88.1,6.4,1.9,30.4
60,Education/Health Services,Denver,29.67,"35,894",74.8,75.3,15.1,6.4,13.5
61,Construction,Denver,29.67,"11,373",10.3,88.1,6.4,1.9,30.4
62,Education/Health Services,Arapahoe,19.49,"35,894",74.8,75.3,15.1,6.4,13.5
63,Education/Health Services,Arapahoe,19.49,"35,894",74.8,75.3,15.1,6.4,13.5
64,Prof Serv and Mgmt,Pitkin,10.13,"19,606",41.3,77.4,10.0,9.6,16.0
65,Hospitality,Boulder,13.91,"14,643",51.2,74.6,13.1,6.9,24.0
66,Transp/Warehouse,Costilla,60.27,"8,991",24.1,71.0,20.1,5.6,18.8
67,Transp/Warehouse,Costilla,60.27,"7,614",24.8,68.7,22.0,5.8,20.1
68,Education/Health Services,Douglas,8.97,"35,894",74.8,75.3,15.1,6.4,13.5
69,Manufacturing,Denver,29.67,"15,741",29.4,79.5,10.4,6.8,16.8
70,Hospitality,Boulder,13.91,"14,643",51.2,74.6,13.1,6.9,24.0
71,Government,Boulder,13.91,"7,225",45.7,73.9,17.5,4.7,12.5
72,Education/Health Services,Boulder,13.91,"35,894",74.8,75.3,15.1,6.4,13.5
73,Education/Health Services,Denver,29.67,"35,894",74.8,75.3,15.1,6.4,13.5
74,Education/Health Services,Boulder,13.91,"35,894",74.8,75.3,15.1,6.4,13.5
75,Prof Serv and Mgmt,El Paso,17.46,"19,606",41.3,77.4,10.0,9.6,16.0
76,Education/Health Services,Denver,29.67,"35,894",74.8,75.3,15.1,6.4,13.5
77,Education/Health Services,Pueblo,43.09,"35,894",74.8,75.3,15.1,6.4,13.5
78,Education/Health Services,Arapahoe,19.49,"35,894",74.8,75.3,15.1,6.4,13.5
79,Education/Health Services,Denver,29.67,"35,894",74.8,75.3,15.1,6.4,13.5
80,Education/Health Services,Arapahoe,19.49,"35,894",74.8,75.3,15.1,6.4,13.5
81,Education/Health Services,Denver,29.67,"35,894",74.8,75.3,15.1,6.4,13.5
82,Education/Health Services,Denver,29.67,"35,894",74.8,75.3,15.1,6.4,13.5
83,Education/Health Services,Denver,29.67,"35,894",74.8,75.3,15.1,6.4,13.5
84,Education/Health Services,Denver,29.67,"35,894",74.8,75.3,15.1,6.4,13.5
85,Education/Health Services,El Paso,17.46,"35,894",74.8,75.3,15.1,6.4,13.5
86,Education/Health Services,Broomfield,12.6,"35,894",74.8,75.3,15.1,6.4,13.5
87,,Arapahoe,19.49,,,,,,
88,Hospitality,San Miguel,10.69,"14,643",51.2,74.6,13.1,6.9,24.0
89,Manufacturing,Morgan,36.32,"15,741",29.4,79.5,10.4,6.8,16.8
90,Government,Clear Creek,7.37,"7,225",45.7,73.9,17.5,4.7,12.5
91,Manufacturing,Weld,29.65,"15,741",29.4,79.5,10.4,6.8,16.8
92,,El Paso,17.46,,,,,,
93,Prof Serv and Mgmt,Denver,29.67,"19,606",41.3,77.4,10.0,9.6,16.0
94,Education/Health Services,Jefferson,15.49,"35,894",74.8,75.3,15.1,6.4,13.5
95,Education/Health Services,Fremont,13.54,"35,894",74.8,75.3,15.1,6.4,13.5
96,Education/Health Services,Arapahoe,19.49,"35,894",74.8,75.3,15.1,6.4,13.5
97,Manufacturing,Morgan,36.32,"15,741",29.4,79.5,10.4,6.8,16.8
98,Education/Health Services,Denver,29.67,"35,894",74.8,75.3,15.1,6.4,13.5
99,Wholesale/Retail,El Paso,17.46,"19,742",44.2,78.6,11.7,5.7,18.1
100,Wholesale/Retail,Montrose,20.71,"19,742",44.2,78.6,11.7,5.7,18.1
101,Education/Health Services,Routt,7.03,"35,894",74.8,75.3,15.1,6.4,13.5
102,Education/Health Services,Douglas,8.97,"35,894",74.8,75.3,15.1,6.4,13.5
103,Education/Health Services,Eagle,29.82,"35,894",74.8,75.3,15.1,6.4,13.5
104,Education/Health Services,Douglas,8.97,"35,894",74.8,75.3,15.1,6.4,13.5
105,Education/Health Services,Weld,29.65,"35,894",74.8,75.3,15.1,6.4,13.5
106,Education/Health Services,Weld,29.65,"35,894",74.8,75.3,15.1,6.4,13.5
107,Education/Health Services,Weld,29.65,"35,894",74.8,75.3,15.1,6.4,13.5
108,Education/Health Services,Denver,29.67,"35,894",74.8,75.3,15.1,6.4,13.5
109,Education/Health Services,Larimer,11.66,"35,894",74.8,75.3,15.1,6.4,13.5
110,Education/Health Services,Arapahoe,19.49,"35,894",74.8,75.3,15.1,6.4,13.5
111,Education/Health Services,Arapahoe,19.49,"35,894",74.8,75.3,15.1,6.4,13.5
112,Education/Health Services,Arapahoe,19.49,"35,894",74.8,75.3,15.1,6.4,13.5
113,Education/Health Services,El Paso,17.46,"35,894",74.8,75.3,15.1,6.4,13.5
114,Hospitality,Arapahoe,19.49,"14,643",51.2,74.6,13.1,6.9,24.0
115,Hospitality,Larimer,11.66,"14,643",51.2,74.6,13.1,6.9,24.0
116,Hospitality,Adams,40.45,"14,643",51.2,74.6,13.1,6.9,24.0
117,Hospitality,Adams,40.45,"14,643",51.2,74.6,13.1,6.9,24.0
118,Hospitality,Jefferson,15.49,"14,643",51.2,74.6,13.1,6.9,24.0
119,Hospitality,Jefferson,15.49,"14,643",51.2,74.6,13.1,6.9,24.0
120,Prof Serv and Mgmt,Boulder,13.91,"19,606",41.3,77.4,10.0,9.6,16.0
121,Wholesale/Retail,Summit,14.580000000000002,"19,742",44.2,78.6,11.7,5.7,18.1
122,Wholesale/Retail,Eagle,29.82,"19,742",44.2,78.6,11.7,5.7,18.1
123,Wholesale/Retail,Eagle,29.82,"19,742",44.2,78.6,11.7,5.7,18.1
124,,Arapahoe,19.49,,,,,,
125,Prof Serv and Mgmt,Teller,6.76,"19,606",41.3,77.4,10.0,9.6,16.0
126,Education/Health Services,Adams,40.45,"35,894",74.8,75.3,15.1,6.4,13.5
127,Education/Health Services,Denver,29.67,"35,894",74.8,75.3,15.1,6.4,13.5
128,Transp/Warehouse,Douglas,8.97,"8,991",24.1,71.0,20.1,5.6,18.8
129,Transp/Warehouse,Douglas,8.97,"7,614",24.8,68.7,22.0,5.8,20.1
130,Manufacturing,Denver,29.67,"15,741",29.4,79.5,10.4,6.8,16.8
131,,Jefferson,15.49,,,,,,
132,Manufacturing,Arapahoe,19.49,"15,741",29.4,79.5,10.4,6.8,16.8
133,Agg/Fish/Forestry/Hunting,Alamosa,45.81,"2,425",26.2,93.0,2.2,1.7,27.5
134,Education/Health Services,Adams,40.45,"35,894",74.8,75.3,15.1,6.4,13.5
135,Wholesale/Retail,Denver,29.67,"19,742",44.2,78.6,11.7,5.7,18.1
136,Education/Health Services,El Paso,17.46,"35,894",74.8,75.3,15.1,6.4,13.5
137,Government,Clear Creek,7.37,"7,225",45.7,73.9,17.5,4.7,12.5
138,Education/Health Services,Adams,40.45,"35,894",74.8,75.3,15.1,6.4,13.5
139,Education/Health Services,Montrose,20.71,"35,894",74.8,75.3,15.1,6.4,13.5
140,Education/Health Services,Pueblo,43.09,"35,894",74.8,75.3,15.1,6.4,13.5
141,Education/Health Services,Weld,29.65,"35,894",74.8,75.3,15.1,6.4,13.5
142,Education/Health Services,Chaffee,10.13,"35,894",74.8,75.3,15.1,6.4,13.5
143,Government,Adams,40.45,"7,225",45.7,73.9,17.5,4.7,12.5
144,,Denver,29.67,,,,,,
145,Prof Serv and Mgmt,Adams,40.45,"19,606",41.3,77.4,10.0,9.6,16.0
146,Agg/Fish/Forestry/Hunting,Yuma,23.91,"2,425",26.2,93.0,2.2,1.7,27.5
147,,El Paso,17.46,,,,,,
148,Wholesale/Retail,Arapahoe,19.49,"19,742",44.2,78.6,11.7,5.7,18.1
149,Education/Health Services,Denver,29.67,"35,894",74.8,75.3,15.1,6.4,13.5
150,,La Plata,12.97,,,,,,
151,Education/Health Services,Denver,29.67,"35,894",74.8,75.3,15.1,6.4,13.5
152,Government,Clear Creek,7.37,"7,225",45.7,73.9,17.5,4.7,12.5
153,Manufacturing,Denver,29.67,"15,741",29.4,79.5,10.4,6.8,16.8
154,Hospitality,Weld,29.65,"14,643",51.2,74.6,13.1,6.9,24.0
155,Manufacturing,Adams,40.45,"15,741",29.4,79.5,10.4,6.8,16.8
156,Education/Health Services,Denver,29.67,"35,894",74.8,75.3,15.1,6.4,13.5
157,Manufacturing,Adams,40.45,"15,741",29.4,79.5,10.4,6.8,16.8
158,Government,Denver,29.67,"7,225",45.7,73.9,17.5,4.7,12.5
159,Wholesale/Retail,Denver,29.67,"19,742",44.2,78.6,11.7,5.7,18.1
160,Education/Health Services,Denver,29.67,"35,894",74.8,75.3,15.1,6.4,13.5
161,Government,Clear Creek,7.37,"7,225",45.7,73.9,17.5,4.7,12.5
162,Education/Health Services,Denver,29.67,"35,894",74.8,75.3,15.1,6.4,13.5
163,,Pueblo,43.09,,,,,,
164,Hospitality,Grand,9.05,"14,643",51.2,74.6,13.1,6.9,24.0
165,Wholesale/Retail,Montrose,20.71,"19,742",44.2,78.6,11.7,5.7,18.1
166,Government,Douglas,8.97,"7,225",45.7,73.9,17.5,4.7,12.5
167,Prof Serv and Mgmt,Douglas,8.97,"19,606",41.3,77.4,10.0,9.6,16.0
168,Hospitality,Summit,14.580000000000002,"14,643",51.2,74.6,13.1,6.9,24.0
169,Transp/Warehouse,Adams,40.45,"8,991",24.1,71.0,20.1,5.6,18.8
170,Transp/Warehouse,Adams,40.45,"7,614",24.8,68.7,22.0,5.8,20.1
171,Hospitality,El Paso,17.46,"14,643",51.2,74.6,13.1,6.9,24.0
172,Hospitality,El Paso,17.46,"14,643",51.2,74.6,13.1,6.9,24.0
173,Prof Serv and Mgmt,San Miguel,10.69,"19,606",41.3,77.4,10.0,9.6,16.0
174,Education/Health Services,Logan,16.34,"35,894",74.8,75.3,15.1,6.4,13.5
175,Education/Health Services,Morgan,36.32,"35,894",74.8,75.3,15.1,6.4,13.5
176,Education/Health Services,Adams,40.45,"35,894",74.8,75.3,15.1,6.4,13.5
177,Education/Health Services,Adams,40.45,"35,894",74.8,75.3,15.1,6.4,13.5
178,Manufacturing,El Paso,17.46,"15,741",29.4,79.5,10.4,6.8,16.8
179,Manufacturing,Denver,29.67,"15,741",29.4,79.5,10.4,6.8,16.8
180,Manufacturing,Adams,40.45,"15,741",29.4,79.5,10.4,6.8,16.8
181,Education/Health Services,Morgan,36.32,"35,894",74.8,75.3,15.1,6.4,13.5
182,Prof Serv and Mgmt,San Miguel,10.69,"19,606",41.3,77.4,10.0,9.6,16.0
183,Education/Health Services,Weld,29.65,"35,894",74.8,75.3,15.1,6.4,13.5
184,Education/Health Services,Jefferson,15.49,"35,894",74.8,75.3,15.1,6.4,13.5
185,Government,Clear Creek,7.37,"7,225",45.7,73.9,17.5,4.7,12.5
186,Transp/Warehouse,Adams,40.45,"8,991",24.1,71.0,20.1,5.6,18.8
187,Transp/Warehouse,Adams,40.45,"7,614",24.8,68.7,22.0,5.8,20.1
188,Education/Health Services,Arapahoe,19.49,"35,894",74.8,75.3,15.1,6.4,13.5
189,,Denver,29.67,,,,,,
190,Wholesale/Retail,Weld,29.65,"19,742",44.2,78.6,11.7,5.7,18.1
191,Education/Health Services,Denver,29.67,"35,894",74.8,75.3,15.1,6.4,13.5
192,Education/Health Services,Boulder,13.91,"35,894",74.8,75.3,15.1,6.4,13.5
193,Prof Serv and Mgmt,Alamosa,45.81,"19,606",41.3,77.4,10.0,9.6,16.0
194,Hospitality,El Paso,17.46,"14,643",51.2,74.6,13.1,6.9,24.0
195,Prof Serv and Mgmt,El Paso,17.46,"19,606",41.3,77.4,10.0,9.6,16.0
196,Education/Health Services,Arapahoe,19.49,"35,894",74.8,75.3,15.1,6.4,13.5
197,Education/Health Services,Jefferson,15.49,"35,894",74.8,75.3,15.1,6.4,13.5
198,Prof Serv and Mgmt,Larimer,11.66,"19,606",41.3,77.4,10.0,9.6,16.0
199,Manufacturing,Arapahoe,19.49,"15,741",29.4,79.5,10.4,6.8,16.8
200,Manufacturing,Weld,29.65,"15,741",29.4,79.5,10.4,6.8,16.8
201,Education/Health Services,Weld,29.65,"35,894",74.8,75.3,15.1,6.4,13.5
202,Wholesale/Retail,El Paso,17.46,"19,742",44.2,78.6,11.7,5.7,18.1
203,Education/Health Services,Kit Carson,18.99,"35,894",74.8,75.3,15.1,6.4,13.5
204,Education/Health Services,Weld,29.65,"35,894",74.8,75.3,15.1,6.4,13.5
205,Education/Health Services,Mesa,14.790000000000001,"35,894",74.8,75.3,15.1,6.4,13.5
206,Education/Health Services,Jefferson,15.49,"35,894",74.8,75.3,15.1,6.4,13.5
207,Manufacturing,Arapahoe,19.49,"15,741",29.4,79.5,10.4,6.8,16.8
208,Prof Serv and Mgmt,Adams,40.45,"19,606",41.3,77.4,10.0,9.6,16.0
209,,Eagle,29.82,,,,,,
210,Education/Health Services,Gunnison,9.35,"35,894",74.8,75.3,15.1,6.4,13.5
211,Wholesale/Retail,Adams,40.45,"19,742",44.2,78.6,11.7,5.7,18.1
212,Education/Health Services,Denver,29.67,"35,894",74.8,75.3,15.1,6.4,13.5
213,Hospitality,Arapahoe,19.49,"14,643",51.2,74.6,13.1,6.9,24.0
214,Education/Health Services,Denver,29.67,"35,894",74.8,75.3,15.1,6.4,13.5
215,Education/Health Services,Jefferson,15.49,"35,894",74.8,75.3,15.1,6.4,13.5
216,Education/Health Services,Denver,29.67,"35,894",74.8,75.3,15.1,6.4,13.5
217,Agg/Fish/Forestry/Hunting,Saguache,35.91,"2,425",26.2,93.0,2.2,1.7,27.5
218,Education/Health Services,Denver,29.67,"35,894",74.8,75.3,15.1,6.4,13.5
219,Hospitality,Weld,29.65,"14,643",51.2,74.6,13.1,6.9,24.0
220,Manufacturing,Rio Grande,43.98,"15,741",29.4,79.5,10.4,6.8,16.8
221,Education/Health Services,Arapahoe,19.49,"35,894",74.8,75.3,15.1,6.4,13.5
222,Education/Health Services,Denver,29.67,"35,894",74.8,75.3,15.1,6.4,13.5
223,Education/Health Services,Denver,29.67,"35,894",74.8,75.3,15.1,6.4,13.5
224,Wholesale/Retail,Larimer,11.66,"19,742",44.2,78.6,11.7,5.7,18.1
225,Education/Health Services,Denver,29.67,"35,894",74.8,75.3,15.1,6.4,13.5
226,Wholesale/Retail,Arapahoe,19.49,"19,742",44.2,78.6,11.7,5.7,18.1
227,Wholesale/Retail,Arapahoe,19.49,"19,742",44.2,78.6,11.7,5.7,18.1
228,Hospitality,Adams,40.45,"14,643",51.2,74.6,13.1,6.9,24.0
229,Hospitality,El Paso,17.46,"14,643",51.2,74.6,13.1,6.9,24.0
230,Education/Health Services,El Paso,17.46,"35,894",74.8,75.3,15.1,6.4,13.5
231,Education/Health Services,Alamosa,45.81,"35,894",74.8,75.3,15.1,6.4,13.5
232,Prof Serv and Mgmt,Denver,29.67,"19,606",41.3,77.4,10.0,9.6,16.0
233,Transp/Warehouse,Rio Grande,43.98,"8,991",24.1,71.0,20.1,5.6,18.8
234,Transp/Warehouse,Rio Grande,43.98,"7,614",24.8,68.7,22.0,5.8,20.1
235,Financial Activities,Denver,29.67,"10,765",52.6,79.6,10.5,7.5,12.9
236,Education/Health Services,Adams,40.45,"35,894",74.8,75.3,15.1,6.4,13.5
237,Education/Health Services,Summit,14.580000000000002,"35,894",74.8,75.3,15.1,6.4,13.5
238,Government,Weld,29.65,"7,225",45.7,73.9,17.5,4.7,12.5
239,Hospitality,Garfield,28.749999999999996,"14,643",51.2,74.6,13.1,6.9,24.0
240,Education/Health Services,Adams,40.45,"35,894",74.8,75.3,15.1,6.4,13.5
241,Hospitality,Boulder,13.91,"14,643",51.2,74.6,13.1,6.9,24.0
242,Hospitality,Arapahoe,19.49,"14,643",51.2,74.6,13.1,6.9,24.0
243,Prof Serv and Mgmt,Weld,29.65,"19,606",41.3,77.4,10.0,9.6,16.0
244,Manufacturing,Weld,29.65,"15,741",29.4,79.5,10.4,6.8,16.8
245,Education/Health Services,Weld,29.65,"35,894",74.8,75.3,15.1,6.4,13.5
246,Government,Jefferson,15.49,"7,225",45.7,73.9,17.5,4.7,12.5
247,Education/Health Services,Denver,29.67,"35,894",74.8,75.3,15.1,6.4,13.5
248,,Adams,40.45,,,,,,
249,Education/Health Services,Arapahoe,19.49,"35,894",74.8,75.3,15.1,6.4,13.5
250,Education/Health Services,Denver,29.67,"35,894",74.8,75.3,15.1,6.4,13.5
251,Education/Health Services,Arapahoe,19.49,"35,894",74.8,75.3,15.1,6.4,13.5
252,Prof Serv and Mgmt,Arapahoe,19.49,"19,606",41.3,77.4,10.0,9.6,16.0
253,Education/Health Services,Weld,29.65,"35,894",74.8,75.3,15.1,6.4,13.5
254,Education/Health Services,El Paso,17.46,"35,894",74.8,75.3,15.1,6.4,13.5
255,Education/Health Services,Boulder,13.91,"35,894",74.8,75.3,15.1,6.4,13.5
256,Wholesale/Retail,Adams,40.45,"19,742",44.2,78.6,11.7,5.7,18.1
257,Wholesale/Retail,Jefferson,15.49,"19,742",44.2,78.6,11.7,5.7,18.1
258,Wholesale/Retail,Denver,29.67,"19,742",44.2,78.6,11.7,5.7,18.1
259,Wholesale/Retail,Jefferson,15.49,"19,742",44.2,78.6,11.7,5.7,18.1
260,Wholesale/Retail,Denver,29.67,"19,742",44.2,78.6,11.7,5.7,18.1
261,Wholesale/Retail,Jefferson,15.49,"19,742",44.2,78.6,11.7,5.7,18.1
262,Hospitality,Denver,29.67,"14,643",51.2,74.6,13.1,6.9,24.0
263,Hospitality,Mineral,6.4399999999999995,"14,643",51.2,74.6,13.1,6.9,24.0
264,Construction,Cheyenne,11.67,"11,373",10.3,88.1,6.4,1.9,30.4
265,Education/Health Services,Larimer,11.66,"35,894",74.8,75.3,15.1,6.4,13.5
266,Education/Health Services,Jefferson,15.49,"35,894",74.8,75.3,15.1,6.4,13.5
267,Education/Health Services,Jefferson,15.49,"35,894",74.8,75.3,15.1,6.4,13.5
268,Education/Health Services,El Paso,17.46,"35,894",74.8,75.3,15.1,6.4,13.5
269,Education/Health Services,El Paso,17.46,"35,894",74.8,75.3,15.1,6.4,13.5
270,Education/Health Services,Otero,42.08,"35,894",74.8,75.3,15.1,6.4,13.5
271,Education/Health Services,Douglas,8.97,"35,894",74.8,75.3,15.1,6.4,13.5
272,Education/Health Services,Larimer,11.66,"35,894",74.8,75.3,15.1,6.4,13.5
273,Prof Serv and Mgmt,Denver,29.67,"19,606",41.3,77.4,10.0,9.6,16.0
274,Manufacturing,Morgan,36.32,"15,741",29.4,79.5,10.4,6.8,16.8
275,Manufacturing,Weld,29.65,"15,741",29.4,79.5,10.4,6.8,16.8
276,Education/Health Services,Arapahoe,19.49,"35,894",74.8,75.3,15.1,6.4,13.5
277,Education/Health Services,Arapahoe,19.49,"35,894",74.8,75.3,15.1,6.4,13.5
278,Education/Health Services,Boulder,13.91,"35,894",74.8,75.3,15.1,6.4,13.5
279,Transp/Warehouse,Denver,29.67,"8,991",24.1,71.0,20.1,5.6,18.8
280,Transp/Warehouse,Denver,29.67,"7,614",24.8,68.7,22.0,5.8,20.1
281,Education/Health Services,Arapahoe,19.49,"35,894",74.8,75.3,15.1,6.4,13.5
282,Hospitality,Arapahoe,19.49,"14,643",51.2,74.6,13.1,6.9,24.0
283,Prof Serv and Mgmt,Larimer,11.66,"19,606",41.3,77.4,10.0,9.6,16.0
284,Wholesale/Retail,Summit,14.580000000000002,"19,742",44.2,78.6,11.7,5.7,18.1
285,Education/Health Services,Arapahoe,19.49,"35,894",74.8,75.3,15.1,6.4,13.5
286,Education/Health Services,Denver,29.67,"35,894",74.8,75.3,15.1,6.4,13.5
287,Education/Health Services,Jefferson,15.49,"35,894",74.8,75.3,15.1,6.4,13.5
288,Education/Health Services,Denver,29.67,"35,894",74.8,75.3,15.1,6.4,13.5
289,Hospitality,El Paso,17.46,"14,643",51.2,74.6,13.1,6.9,24.0
290,Hospitality,Prowers,38.65,"14,643",51.2,74.6,13.1,6.9,24.0
291,Prof Serv and Mgmt,Denver,29.67,"19,606",41.3,77.4,10.0,9.6,16.0
292,Education/Health Services,Arapahoe,19.49,"35,894",74.8,75.3,15.1,6.4,13.5
293,Education/Health Services,El Paso,17.46,"35,894",74.8,75.3,15.1,6.4,13.5
294,Education/Health Services,Boulder,13.91,"35,894",74.8,75.3,15.1,6.4,13.5
295,Prof Serv and Mgmt,El Paso,17.46,"19,606",41.3,77.4,10.0,9.6,16.0
296,Hospitality,Pitkin,10.13,"14,643",51.2,74.6,13.1,6.9,24.0
297,Wholesale/Retail,Adams,40.45,"19,742",44.2,78.6,11.7,5.7,18.1
298,Wholesale/Retail,Adams,40.45,"19,742",44.2,78.6,11.7,5.7,18.1
299,Wholesale/Retail,El Paso,17.46,"19,742",44.2,78.6,11.7,5.7,18.1
300,Manufacturing,Pueblo,43.09,"15,741",29.4,79.5,10.4,6.8,16.8
301,Construction,El Paso,17.46,"11,373",10.3,88.1,6.4,1.9,30.4
302,Education/Health Services,Denver,29.67,"35,894",74.8,75.3,15.1,6.4,13.5
303,Education/Health Services,Arapahoe,19.49,"35,894",74.8,75.3,15.1,6.4,13.5
304,Education/Health Services,Arapahoe,19.49,"35,894",74.8,75.3,15.1,6.4,13.5
305,Education/Health Services,Jefferson,15.49,"35,894",74.8,75.3,15.1,6.4,13.5
306,Education/Health Services,Arapahoe,19.49,"35,894",74.8,75.3,15.1,6.4,13.5
307,Education/Health Services,El Paso,17.46,"35,894",74.8,75.3,15.1,6.4,13.5
308,Education/Health Services,Douglas,8.97,"35,894",74.8,75.3,15.1,6.4,13.5
309,Agg/Fish/Forestry/Hunting,Rio Grande,43.98,"2,425",26.2,93.0,2.2,1.7,27.5
310,Manufacturing,Weld,29.65,"15,741",29.4,79.5,10.4,6.8,16.8
311,Education/Health Services,Jefferson,15.49,"35,894",74.8,75.3,15.1,6.4,13.5
312,Education/Health Services,Jefferson,15.49,"35,894",74.8,75.3,15.1,6.4,13.5
313,Hospitality,Denver,29.67,"14,643",51.2,74.6,13.1,6.9,24.0
314,,Denver,29.67,,,,,,
315,Education/Health Services,Denver,29.67,"35,894",74.8,75.3,15.1,6.4,13.5
316,Prof Serv and Mgmt,Adams,40.45,"19,606",41.3,77.4,10.0,9.6,16.0
317,Education/Health Services,Jefferson,15.49,"35,894",74.8,75.3,15.1,6.4,13.5
318,Education/Health Services,Larimer,11.66,"35,894",74.8,75.3,15.1,6.4,13.5
319,Education/Health Services,Adams,40.45,"35,894",74.8,75.3,15.1,6.4,13.5
320,Wholesale/Retail,Jefferson,15.49,"19,742",44.2,78.6,11.7,5.7,18.1
321,Education/Health Services,Jefferson,15.49,"35,894",74.8,75.3,15.1,6.4,13.5
322,Agg/Fish/Forestry/Hunting,Weld,29.65,"2,425",26.2,93.0,2.2,1.7,27.5
323,Manufacturing,Douglas,8.97,"15,741",29.4,79.5,10.4,6.8,16.8
324,Education/Health Services,Arapahoe,19.49,"35,894",74.8,75.3,15.1,6.4,13.5
325,Education/Health Services,Arapahoe,19.49,"35,894",74.8,75.3,15.1,6.4,13.5
326,Wholesale/Retail,Denver,29.67,"19,742",44.2,78.6,11.7,5.7,18.1
327,Construction,Jefferson,15.49,"11,373",10.3,88.1,6.4,1.9,30.4
328,Hospitality,Pueblo,43.09,"14,643",51.2,74.6,13.1,6.9,24.0
329,Education/Health Services,Adams,40.45,"35,894",74.8,75.3,15.1,6.4,13.5
330,Prof Serv and Mgmt,Clear Creek,7.37,"19,606",41.3,77.4,10.0,9.6,16.0
331,Education/Health Services,Douglas,8.97,"35,894",74.8,75.3,15.1,6.4,13.5
332,Education/Health Services,Denver,29.67,"35,894",74.8,75.3,15.1,6.4,13.5
333,Hospitality,Boulder,13.91,"14,643",51.2,74.6,13.1,6.9,24.0
334,Education/Health Services,Boulder,13.91,"35,894",74.8,75.3,15.1,6.4,13.5
335,Education/Health Services,Arapahoe,19.49,"35,894",74.8,75.3,15.1,6.4,13.5
336,Education/Health Services,Arapahoe,19.49,"35,894",74.8,75.3,15.1,6.4,13.5
337,Education/Health Services,Denver,29.67,"35,894",74.8,75.3,15.1,6.4,13.5
338,,Denver,29.67,,,,,,
339,Hospitality,El Paso,17.46,"14,643",51.2,74.6,13.1,6.9,24.0
340,Education/Health Services,El Paso,17.46,"35,894",74.8,75.3,15.1,6.4,13.5
341,Education/Health Services,Otero,42.08,"35,894",74.8,75.3,15.1,6.4,13.5
342,Transp/Warehouse,Adams,40.45,"8,991",24.1,71.0,20.1,5.6,18.8
343,Transp/Warehouse,Adams,40.45,"7,614",24.8,68.7,22.0,5.8,20.1
344,Hospitality,Adams,40.45,"14,643",51.2,74.6,13.1,6.9,24.0
345,Prof Serv and Mgmt,Larimer,11.66,"19,606",41.3,77.4,10.0,9.6,16.0
346,Education/Health Services,Denver,29.67,"35,894",74.8,75.3,15.1,6.4,13.5
347,Education/Health Services,Boulder,13.91,"35,894",74.8,75.3,15.1,6.4,13.5
348,Education/Health Services,Jefferson,15.49,"35,894",74.8,75.3,15.1,6.4,13.5
349,Manufacturing,Montrose,20.71,"15,741",29.4,79.5,10.4,6.8,16.8
350,Manufacturing,Yuma,23.91,"15,741",29.4,79.5,10.4,6.8,16.8
351,,Pueblo,43.09,,,,,,
352,Hospitality,Larimer,11.66,"14,643",51.2,74.6,13.1,6.9,24.0
353,Government,Clear Creek,7.37,"7,225",45.7,73.9,17.5,4.7,12.5
354,Manufacturing,Arapahoe,19.49,"15,741",29.4,79.5,10.4,6.8,16.8
355,Education/Health Services,Larimer,11.66,"35,894",74.8,75.3,15.1,6.4,13.5
356,Education/Health Services,Jefferson,15.49,"35,894",74.8,75.3,15.1,6.4,13.5
357,Education/Health Services,Larimer,11.66,"35,894",74.8,75.3,15.1,6.4,13.5
358,Education/Health Services,Adams,40.45,"35,894",74.8,75.3,15.1,6.4,13.5
359,Construction,Grand,9.05,"11,373",10.3,88.1,6.4,1.9,30.4
360,Education/Health Services,Adams,40.45,"35,894",74.8,75.3,15.1,6.4,13.5
361,Education/Health Services,Arapahoe,19.49,"35,894",74.8,75.3,15.1,6.4,13.5
362,Education/Health Services,Denver,29.67,"35,894",74.8,75.3,15.1,6.4,13.5
363,Manufacturing,Arapahoe,19.49,"15,741",29.4,79.5,10.4,6.8,16.8
364,Construction,Garfield,28.749999999999996,"11,373",10.3,88.1,6.4,1.9,30.4
365,Manufacturing,Adams,40.45,"15,741",29.4,79.5,10.4,6.8,16.8
366,,Denver,29.67,,,,,,
367,Education/Health Services,Denver,29.67,"35,894",74.8,75.3,15.1,6.4,13.5
368,Construction,Douglas,8.97,"11,373",10.3,88.1,6.4,1.9,30.4
369,Wholesale/Retail,El Paso,17.46,"19,742",44.2,78.6,11.7,5.7,18.1
370,Transp/Warehouse,Denver,29.67,"8,991",24.1,71.0,20.1,5.6,18.8
371,Transp/Warehouse,Denver,29.67,"7,614",24.8,68.7,22.0,5.8,20.1
372,Education/Health Services,Denver,29.67,"35,894",74.8,75.3,15.1,6.4,13.5
373,Education/Health Services,Montrose,20.71,"35,894",74.8,75.3,15.1,6.4,13.5
374,Education/Health Services,Alamosa,45.81,"35,894",74.8,75.3,15.1,6.4,13.5
375,Education/Health Services,Denver,29.67,"35,894",74.8,75.3,15.1,6.4,13.5
376,Hospitality,Arapahoe,19.49,"14,643",51.2,74.6,13.1,6.9,24.0
377,Prof Serv and Mgmt,Adams,40.45,"19,606",41.3,77.4,10.0,9.6,16.0
378,Construction,El Paso,17.46,"11,373",10.3,88.1,6.4,1.9,30.4
379,Education/Health Services,Sedgwick,16.67,"35,894",74.8,75.3,15.1,6.4,13.5
380,Education/Health Services,Arapahoe,19.49,"35,894",74.8,75.3,15.1,6.4,13.5
381,Education/Health Services,Arapahoe,19.49,"35,894",74.8,75.3,15.1,6.4,13.5
382,Education/Health Services,Jefferson,15.49,"35,894",74.8,75.3,15.1,6.4,13.5
383,Education/Health Services,Larimer,11.66,"35,894",74.8,75.3,15.1,6.4,13.5
384,Education/Health Services,Arapahoe,19.49,"35,894",74.8,75.3,15.1,6.4,13.5
385,,Arapahoe,19.49,,,,,,
386,Education/Health Services,Jefferson,15.49,"35,894",74.8,75.3,15.1,6.4,13.5
387,Manufacturing,Boulder,13.91,"15,741",29.4,79.5,10.4,6.8,16.8
388,Education/Health Services,Denver,29.67,"35,894",74.8,75.3,15.1,6.4,13.5
389,Education/Health Services,Arapahoe,19.49,"35,894",74.8,75.3,15.1,6.4,13.5
390,Hospitality,Larimer,11.66,"14,643",51.2,74.6,13.1,6.9,24.0
391,Prof Serv and Mgmt,El Paso,17.46,"19,606",41.3,77.4,10.0,9.6,16.0
392,Education/Health Services,Arapahoe,19.49,"35,894",74.8,75.3,15.1,6.4,13.5
393,Education/Health Services,Arapahoe,19.49,"35,894",74.8,75.3,15.1,6.4,13.5
394,Education/Health Services,Denver,29.67,"35,894",74.8,75.3,15.1,6.4,13.5
395,Government,Clear Creek,7.37,"7,225",45.7,73.9,17.5,4.7,12.5
396,Manufacturing,Adams,40.45,"15,741",29.4,79.5,10.4,6.8,16.8
397,Wholesale/Retail,Arapahoe,19.49,"19,742",44.2,78.6,11.7,5.7,18.1
398,Education/Health Services,Arapahoe,19.49,"35,894",74.8,75.3,15.1,6.4,13.5
399,Education/Health Services,Douglas,8.97,"35,894",74.8,75.3,15.1,6.4,13.5
400,Education/Health Services,Arapahoe,19.49,"35,894",74.8,75.3,15.1,6.4,13.5
401,Education/Health Services,Denver,29.67,"35,894",74.8,75.3,15.1,6.4,13.5
402,Education/Health Services,Broomfield,12.6,"35,894",74.8,75.3,15.1,6.4,13.5
403,Education/Health Services,Arapahoe,19.49,"35,894",74.8,75.3,15.1,6.4,13.5
404,Education/Health Services,Morgan,36.32,"35,894",74.8,75.3,15.1,6.4,13.5
405,Hospitality,El Paso,17.46,"14,643",51.2,74.6,13.1,6.9,24.0
406,Hospitality,Denver,29.67,"14,643",51.2,74.6,13.1,6.9,24.0
407,Manufacturing,Denver,29.67,"15,741",29.4,79.5,10.4,6.8,16.8
408,Transp/Warehouse,Denver,29.67,"8,991",24.1,71.0,20.1,5.6,18.8
409,Transp/Warehouse,Denver,29.67,"7,614",24.8,68.7,22.0,5.8,20.1
410,,Pueblo,43.09,,,,,,
411,Education/Health Services,El Paso,17.46,"35,894",74.8,75.3,15.1,6.4,13.5
412,Education/Health Services,Jefferson,15.49,"35,894",74.8,75.3,15.1,6.4,13.5
413,Hospitality,Summit,14.580000000000002,"14,643",51.2,74.6,13.1,6.9,24.0
414,Hospitality,Pitkin,10.13,"14,643",51.2,74.6,13.1,6.9,24.0
415,Education/Health Services,Jefferson,15.49,"35,894",74.8,75.3,15.1,6.4,13.5
416,Construction,Larimer,11.66,"11,373",10.3,88.1,6.4,1.9,30.4
417,Hospitality,Larimer,11.66,"14,643",51.2,74.6,13.1,6.9,24.0
418,Education/Health Services,Larimer,11.66,"35,894",74.8,75.3,15.1,6.4,13.5
419,Education/Health Services,Jefferson,15.49,"35,894",74.8,75.3,15.1,6.4,13.5
420,Other Services,La Plata,12.97,"7,617",53.9,77.7,10.6,8.4,19.9
421,Hospitality,Mineral,6.4399999999999995,"14,643",51.2,74.6,13.1,6.9,24.0
422,Hospitality,Larimer,11.66,"14,643",51.2,74.6,13.1,6.9,24.0
423,Hospitality,Arapahoe,19.49,"14,643",51.2,74.6,13.1,6.9,24.0
424,,El Paso,17.46,,,,,,
425,Prof Serv and Mgmt,El Paso,17.46,"19,606",41.3,77.4,10.0,9.6,16.0
426,Prof Serv and Mgmt,Denver,29.67,"19,606",41.3,77.4,10.0,9.6,16.0
427,Transp/Warehouse,Denver,29.67,"8,991",24.1,71.0,20.1,5.6,18.8
428,Transp/Warehouse,Denver,29.67,"7,614",24.8,68.7,22.0,5.8,20.1
429,Construction,Boulder,13.91,"11,373",10.3,88.1,6.4,1.9,30.4
430,Education/Health Services,Arapahoe,19.49,"35,894",74.8,75.3,15.1,6.4,13.5
431,Education/Health Services,Denver,29.67,"35,894",74.8,75.3,15.1,6.4,13.5
432,Education/Health Services,Pueblo,43.09,"35,894",74.8,75.3,15.1,6.4,13.5
433,Education/Health Services,Denver,29.67,"35,894",74.8,75.3,15.1,6.4,13.5
434,Education/Health Services,Denver,29.67,"35,894",74.8,75.3,15.1,6.4,13.5
435,Government,Denver,29.67,"7,225",45.7,73.9,17.5,4.7,12.5
436,Education/Health Services,Douglas,8.97,"35,894",74.8,75.3,15.1,6.4,13.5
437,Education/Health Services,Weld,29.65,"35,894",74.8,75.3,15.1,6.4,13.5
438,Education/Health Services,Jefferson,15.49,"35,894",74.8,75.3,15.1,6.4,13.5
439,Education/Health Services,Jefferson,15.49,"35,894",74.8,75.3,15.1,6.4,13.5
440,Education/Health Services,Jefferson,15.49,"35,894",74.8,75.3,15.1,6.4,13.5
441,Wholesale/Retail,El Paso,17.46,"19,742",44.2,78.6,11.7,5.7,18.1
442,Wholesale/Retail,Larimer,11.66,"19,742",44.2,78.6,11.7,5.7,18.1
443,Wholesale/Retail,Arapahoe,19.49,"19,742",44.2,78.6,11.7,5.7,18.1
444,Transp/Warehouse,Larimer,11.66,"8,991",24.1,71.0,20.1,5.6,18.8
445,Transp/Warehouse,Larimer,11.66,"7,614",24.8,68.7,22.0,5.8,20.1
446,Government,Washington,10.45,"7,225",45.7,73.9,17.5,4.7,12.5
447,Government,Weld,29.65,"7,225",45.7,73.9,17.5,4.7,12.5
448,Government,Weld,29.65,"7,225",45.7,73.9,17.5,4.7,12.5
449,Mining/OilandGas,Gunnison,9.35,750,15.8,86.7,5.1,3.7,20.1
450,Hospitality,Douglas,8.97,"14,643",51.2,74.6,13.1,6.9,24.0
451,Education/Health Services,Jefferson,15.49,"35,894",74.8,75.3,15.1,6.4,13.5
452,Prof Serv and Mgmt,El Paso,17.46,"19,606",41.3,77.4,10.0,9.6,16.0
453,Education/Health Services,Jefferson,15.49,"35,894",74.8,75.3,15.1,6.4,13.5
454,Hospitality,Garfield,28.749999999999996,"14,643",51.2,74.6,13.1,6.9,24.0
455,Education/Health Services,Douglas,8.97,"35,894",74.8,75.3,15.1,6.4,13.5
456,Transp/Warehouse,El Paso,17.46,"8,991",24.1,71.0,20.1,5.6,18.8
457,Transp/Warehouse,El Paso,17.46,"7,614",24.8,68.7,22.0,5.8,20.1
458,Education/Health Services,El Paso,17.46,"35,894",74.8,75.3,15.1,6.4,13.5
459,Prof Serv and Mgmt,El Paso,17.46,"19,606",41.3,77.4,10.0,9.6,16.0
